행정동명,미세먼지지수,공원수,도시농업(프로그램수),거주_유동_인구당_매출액,채소가게수,제로웨이스트 가게수,승하차인원_버스_지하철,카페수,유치원_초등학교,인구수,총_10대,총_20_30대,총_60대이상,1인세대
가락1동,16.56,2,0.0,26.85049573785865,10.0,0.0,184724.0,43.0,5.447809980387884e-05,55068,0.0956635432556112,0.2725720926854071,0.2114113459722525,0.1660227734851565
가락2동,16.56,9,0.0,35.83418857302259,3.0,0.0,190052.0,74.0,9.576403741181728e-05,62654,0.1047658569285281,0.2771411242697992,0.2259712069460848,0.2883232323232323
가락본동,16.56,9,0.0,140.9305071801823,9.0,2.0,273627.0,99.0,7.867511112859447e-05,50842,0.0643169033476259,0.3190669131820148,0.2525864442783525,0.4160452558498329
가리봉동,15.774,0,0.0,7.196664733934677,5.0,0.0,230955.0,11.0,0.0001086956521739,9200,0.0260869565217391,0.3358695652173913,0.2879347826086956,0.7306430446194225
가산동,17.357,3,0.0,139.44650694900187,7.0,0.0,940108.0,239.0,2.028726771078471e-05,49292,0.0261300008114907,0.5460520977034813,0.1777976142173172,0.7795803111677094
가양1동,30.68,12,0.0,77.51096953480669,2.0,7.0,453464.0,218.0,5.868716805070571e-05,68158,0.0512045541242407,0.4923266527773702,0.1616244608116435,0.6772499403198854
가양2동,15.34,5,0.0,114.92332549308192,0.0,0.0,90113.0,12.0,0.000146864444118,27236,0.0292260243794977,0.2642825671904832,0.4472756645616096,0.5798004987531172
가양3동,15.34,3,0.0,18.10886293024901,0.0,0.0,67861.0,9.0,0.0001734545202247,28826,0.0293485048220356,0.29917435648373,0.3675848192603899,0.4832171443325587
가회동,47.392,1,0.0,591.743814638529,2.0,1.0,139554.0,73.0,0.0002173913043478,9200,0.067391304347826,0.2039130434782608,0.2573913043478261,0.4833679833679833
갈현1동,13.483,4,0.0,75.11231098016158,3.0,0.0,232027.0,40.0,3.370407819346141e-05,29670,0.0657229524772497,0.2876306033029996,0.3029322548028311,0.4847753185781355
갈현2동,13.483,4,0.0,37.59944595724269,1.0,0.0,245983.0,53.0,0.0001082680717456,55418,0.0804792666642607,0.2743873831607059,0.2755422425926594,0.3799109273103229
강일동,32.123,8,2.0,25.810344622180185,3.0,0.0,262007.0,20.0,0.0002133430861601,32811,0.110145987626101,0.2307153088903111,0.2610100271250495,0.2740740740740741
개봉1동,17.357,2,0.0,21.166758974973064,4.0,0.0,523111.0,44.0,9.005493350944076e-05,33313,0.0655900099060426,0.2730165400894546,0.2902470507009275,0.366751269035533
개봉2동,17.357,1,0.0,19.52144871831959,0.0,0.0,312685.0,33.0,9.947279419078882e-05,30159,0.0691667495606618,0.245565171258994,0.30979143870818,0.2850237654072343
개봉3동,17.357,5,0.0,67.89308835518273,3.0,0.0,123892.0,29.0,0.000201592581393,19842,0.0662735611329503,0.2411047273460336,0.3126196955952021,0.3303561204626131
개포1동,16.56,0,0.0,763.4981603837474,4.0,0.0,103771.0,1.0,0.0002173913043478,9200,0.0766304347826087,0.1480434782608695,0.2453260869565217,0.2627960275019098
개포2동,33.12,12,0.0,44.448853554971,2.0,0.0,298994.0,26.0,0.0001547628259692,38769,0.1259511465346023,0.2471046454641595,0.1926281307230003,0.1709549899438241
개포3동,49.679,4,0.0,996.1903685101272,0.0,0.0,69514.0,15.0,0.0001757572206924,17069,0.0973695002636358,0.2395570918038549,0.2837307399378991,0.3442733657482442
개포4동,16.56,1,0.0,41.57875736121324,1.0,0.0,186882.0,37.0,0.000170976704424,23395,0.0941654199615302,0.2833511434067108,0.2241077153237871,0.3639873292417343
거여1동,17.603,7,0.0,20.426595063946,4.0,0.0,98213.0,20.0,8.258320257659592e-05,24218,0.0706086382029895,0.2747543149723346,0.2995292757453134,0.3996048850574712
거여2동,17.603,6,0.0,109.292592364646,4.0,0.0,107255.0,30.0,8.432414200185513e-05,47436,0.0748798380976473,0.2567670123956488,0.2685302302049077,0.3301297929257901
고덕1동,14.797,5,0.0,3.898674398504982,2.0,0.0,104316.0,22.0,0.0001675322499581,23876,0.1578572625230357,0.1882643658904339,0.1955939018261015,0.1697511949993871
고덕2동,14.797,7,0.0,34.8086988127024,4.0,2.0,157730.0,39.0,0.0001760021120253,22727,0.1010252123025476,0.2442909314911779,0.213666563998768,0.2644397274047592
고척1동,17.357,1,0.0,28.29026291166132,0.0,0.0,370898.0,50.0,0.0001907159476675,26217,0.0714040508067284,0.3195636419117366,0.2571613838349162,0.3397713493850684
고척2동,17.357,6,0.0,32.060117904524155,3.0,0.0,240770.0,25.0,0.0001154245700434,25991,0.07968142818668,0.238813435419953,0.3075680043091839,0.3607897712446725
공덕동,68.63,4,0.0,107.274037731797,5.0,0.0,399267.0,69.0,6.801425578801317e-05,73514,0.0580841744429632,0.338901433740512,0.2442800010882281,0.4977725296548763
공릉1동,15.673,8,0.0,80.25429030401378,7.0,2.0,296420.0,81.0,0.0001241721854304,72480,0.0692328918322295,0.3200883002207506,0.2781456953642384,0.5114093959731544
공릉2동,15.673,10,0.0,17.174055784192188,3.0,1.0,373913.0,98.0,0.0001730659875886,80894,0.1059658318293075,0.3065987588696318,0.2214997404010186,0.3684741770874222
공항동,98.902,7,2.0,45.222587934743295,5.0,2.0,239768.0,53.0,9.99666777740753e-05,60020,0.0747750749750083,0.2958680439853382,0.2189936687770743,0.4309472161966739
광장동,14.731,1,1.0,55.49534939791424,1.0,0.0,162258.0,55.0,0.0001175157177272,68076,0.1587637346495093,0.2113813972618837,0.1768023973206416,0.1934639419017058
광희동,129.972,3,1.0,159.1400767929797,6.0,1.0,412314.0,135.0,0.0,11362,0.034324942791762,0.4159478964970955,0.2788241506776976,0.7252379727296115
교남동,71.088,1,0.0,49.70790394645213,1.0,0.0,205542.0,24.0,0.0,19498,0.0826751461688378,0.2634116319622525,0.2347933121345779,0.3741653235090951
구로1동,15.774,0,0.0,206.7020664527689,1.0,0.0,106695.0,17.0,0.0001940052381414,20618,0.0921039868076438,0.2907168493549326,0.2330002910078572,0.2905235413921169
구로2동,15.774,3,2.0,68.33694695604801,8.0,2.0,610995.0,39.0,8.77077577511731e-05,22803,0.0535455861070911,0.2494847169232118,0.3389027759505328,0.5211221392830777
구로3동,15.774,2,0.0,190.23135818207328,1.0,1.0,490330.0,118.0,0.0002142336861048,23339,0.056514846394447,0.3901195423968465,0.2418269848751017,0.61968843706575
구로4동,15.774,2,0.0,29.50673958282444,20.0,0.0,303239.0,36.0,0.0001583949313621,18940,0.049260823653643,0.2840021119324181,0.3266631467793031,0.534861417473866
구로5동,15.774,2,0.0,230.2894305787152,1.0,1.0,473423.0,74.0,0.0001023576375857,29309,0.0494046197413763,0.3648708587805793,0.2527551264116824,0.5430374904361133
구산동,13.483,8,0.0,24.786333281334496,3.0,2.0,198317.0,40.0,0.0001106194690265,63280,0.0812579013906447,0.2567003792667509,0.2937104930467762,0.3609691042453878
구의1동,14.731,3,0.0,103.13289188078132,3.0,0.0,172567.0,62.0,4.273869561500983e-05,46796,0.052397640824002,0.4055474826908283,0.2162150611163347,0.5811809523809524
구의2동,14.731,2,0.0,78.18594768958506,2.0,0.0,231042.0,44.0,9.675671491601516e-05,51676,0.0838300178032355,0.271731558170137,0.2601594550661816,0.3822044227755528
구의3동,14.731,0,0.0,140.16358067146905,2.0,1.0,249069.0,69.0,5.349309939017867e-05,56082,0.0826290075246959,0.3104382867943369,0.2347277201241039,0.3636589609743972
군자동,14.731,1,0.0,73.8003978053788,2.0,2.0,289370.0,62.0,0.0001296008294453,38580,0.0511145671332296,0.4063245204769311,0.2402280974598237,0.6208351648351649
금호1가동,12.345,1,0.0,10.314671202576438,1.0,0.0,135141.0,18.0,6.69478476266988e-05,29874,0.0716341969605677,0.2608957622012452,0.2675235991162884,0.3511029411764705
금호2.3가동,24.689,5,0.0,23.573400345769294,1.0,0.0,172453.0,23.0,6.801795674057951e-05,44106,0.059357003582279,0.2867183603137895,0.2598285947490137,0.3618680984702664
금호4가동,12.345,2,0.0,22.52946293481213,3.0,0.0,186494.0,18.0,0.0001400854521257,28554,0.0656300343209357,0.2610492400364222,0.2543251383343839,0.364828986412619
길동,17.327,5,0.0,150.96320341508522,15.0,0.0,288559.0,69.0,0.0001785395465095,44808,0.059141224781289,0.3047223710051776,0.2845250848062846,0.4644012207898693
길음1동,13.848,8,0.0,5.370553658967743,2.0,1.0,556362.0,33.0,0.0001436368859523,69620,0.1426888825050273,0.2056018385521401,0.19192760700948,0.2057408595253367
길음2동,27.697,0,0.0,12.67659580087619,1.0,0.0,389862.0,48.0,4.573101019801528e-05,43734,0.0943888050487035,0.2491425435587872,0.2164906022774043,0.2926019239578561
낙성대동,17.205,5,10.0,13.532174775072953,0.0,1.0,650121.0,52.0,2.8553480669293585e-05,35022,0.0493404145965393,0.5579350122779967,0.1605847752841071,0.7529742233972241
난곡동,14.245,4,0.0,37.75097431274544,5.0,0.0,239565.0,10.0,5.8150804419461134e-05,51590,0.0629579375848032,0.280325644504749,0.314634619112231,0.4682779456193353
난향동,14.245,1,0.0,83.76134176697957,2.0,0.0,142127.0,9.0,6.729475100942126e-05,29720,0.0920592193808882,0.2188425302826379,0.2748990578734858,0.3214862681744749
남가좌1동,13.844,4,0.0,8.672739999786069,6.0,0.0,193231.0,17.0,5.979788315493632e-05,33446,0.108891945225139,0.2289062967170962,0.1958978652155713,0.2234854636998538
남가좌2동,13.844,4,0.0,31.07806320145219,3.0,1.0,359485.0,67.0,6.833401667350006e-05,58536,0.081590815908159,0.281570315703157,0.2391348913489135,0.4142803738317757
남영동,75.71,3,0.0,61.8995341666095,1.0,0.0,579478.0,55.0,0.0,13926,0.0324572741634353,0.2652592273445354,0.34051414620135,0.7670756646216769
남현동,16.457,5,0.0,21.34585557039399,2.0,1.0,238741.0,33.0,8.417508417508418e-05,35640,0.0419753086419753,0.4200897867564534,0.239057239057239,0.5760847628657921
내곡동,50.458,14,1.0,3.7272522010977935,2.0,0.0,184435.0,38.0,8.650020183380428e-05,34682,0.085289199008131,0.2324548757280433,0.2809526555561963,0.3109722222222222
노량진1동,34.701,4,0.0,47.27468433964462,2.0,0.0,846060.0,80.0,0.00015625,64000,0.05771875,0.3549375,0.26503125,0.5364340169020744
노량진2동,15.774,0,0.0,6.127918764625733,3.0,0.0,276751.0,31.0,4.7824007651841225e-05,20910,0.0370157819225251,0.3742706838833094,0.3077953132472501,0.693411420204978
녹번동,13.483,10,3.0,8.12652906665867,1.0,8.0,406070.0,49.0,9.636033258080502e-05,72644,0.0590000550630471,0.2840977919718077,0.2862727823357744,0.4361490894650252
논현1동,12.345,2,0.0,230.3889153306227,4.0,0.0,573781.0,122.0,9.406895254221344e-05,21261,0.0386153050185786,0.435915526080617,0.197027421099666,0.6903102765348786
논현2동,12.345,6,0.0,168.91706990309353,7.0,2.0,463201.0,121.0,0.0001451940760816,20662,0.0591907850159713,0.3609040751137353,0.2132900977640112,0.5726435152374203
능동,14.731,2,0.0,83.29501047283955,1.0,0.0,253379.0,38.0,0.0001342642320085,22344,0.0455603293949158,0.4238274257071249,0.2159863945578231,0.6008975549365522
다산동,14.146,3,0.0,253.32335358347623,0.0,0.0,105541.0,33.0,0.000111915242856,26806,0.0512571812280832,0.3253749160635678,0.2962769529209878,0.4875403107593081
답십리1동,14.146,4,0.0,46.5170638047514,2.0,0.0,260722.0,42.0,5.354656766501267e-05,56026,0.0695391425409631,0.3081069503444829,0.2242887230928497,0.4200340610001548
답십리2동,14.146,4,0.0,30.669459774083737,5.0,0.0,258731.0,42.0,9.044208089139716e-05,55284,0.0634903407857608,0.270457998697634,0.3010997757036394,0.3785662910573004
당산1동,50.32,1,2.0,91.8732018589798,8.0,2.0,278653.0,68.0,4.780343228643817e-05,41838,0.0439791577035231,0.4033653616329652,0.2363401692241503,0.5568975929600553
당산2동,67.093,7,0.0,134.9008570941744,2.0,0.0,559980.0,73.0,6.799020940984498e-05,73540,0.0638564046777264,0.4072069621974435,0.1936905085667664,0.5376576766770464
대림1동,15.774,2,0.0,86.82567317194591,3.0,0.0,240085.0,27.0,0.0001071964553705,27986,0.0558136210962624,0.2674194239977131,0.3205174015579218,0.4673366834170854
대림2동,15.774,1,0.0,15.928623809399935,5.0,0.0,135118.0,17.0,0.0001672520488375,23916,0.0433182806489379,0.3122595751797959,0.3287339019902994,0.5856100700901159
대림3동,15.774,5,0.0,47.91167110334469,3.0,0.0,222108.0,40.0,0.00013777900248,43548,0.0576834757049692,0.2734453935886837,0.3193717277486911,0.4230064603220518
대방동,15.774,3,2.0,52.70444894908648,0.0,1.0,534581.0,39.0,6.985972167886883e-05,71572,0.1014363158777175,0.3081093164924831,0.2254233499133739,0.4541259663210882
대조동,13.483,4,0.0,96.45825330992818,9.0,1.0,556451.0,73.0,3.664614482556435e-05,54576,0.0542729404866608,0.3581061272354148,0.2686895338610378,0.5573823970770536
대치1동,16.56,8,0.0,68.9375696289807,3.0,0.0,371196.0,27.0,0.0001261352169525,23784,0.2237218298015472,0.1514463504877228,0.1641860073999327,0.078523212563714
대치2동,16.56,3,0.0,210.21125585121928,3.0,1.0,619306.0,87.0,8.102414519526819e-05,37026,0.1706098417328364,0.1983471074380165,0.2118241235888294,0.2009115361625822
대치4동,16.56,2,0.0,178.39129100641026,2.0,0.0,419553.0,124.0,0.0001060332944544,18862,0.1202947725585834,0.3259993638002332,0.1577245255010073,0.5582002611228282
대학동,14.245,7,0.0,66.62559515598662,0.0,0.0,481675.0,80.0,4.0716612377850165e-05,49120,0.0392100977198697,0.4748778501628664,0.1898208469055374,0.7793400612314322
대흥동,49.545,2,0.0,21.20599220414889,2.0,1.0,476399.0,68.0,0.0001385617292503,28868,0.0589580157960371,0.4275322156020507,0.1975197450464181,0.6537891737891738
도곡1동,13.996,4,1.0,1.287592834320279,2.0,1.0,403512.0,40.0,0.0001446898813542,20734,0.1160895148065978,0.2571621491270377,0.2167454422687373,0.3230360806081815
도곡2동,13.996,8,0.0,141.5409088068417,1.0,1.0,257868.0,42.0,9.211778794485216e-05,32567,0.1471428132772438,0.2026898394079896,0.2183498633586145,0.1850980392156862
도림동,15.774,2,0.0,51.60722220424111,1.0,0.0,182128.0,27.0,5.646846236376983e-05,35418,0.0473205714608391,0.3300016940538709,0.2705404031848212,0.536030868703723
도봉1동,15.233,11,0.0,43.79238270763802,7.0,0.0,168930.0,27.0,0.0001234750827283,40494,0.0517607546797056,0.2146490838148861,0.4015409690324492,0.457580786878844
도봉2동,15.233,7,0.0,5.142012000695472,8.0,0.0,272768.0,25.0,5.769896526522291e-05,51994,0.0553910066546139,0.2336038773704658,0.3633880832403739,0.3611869031377899
도화동,37.855,2,0.0,79.69568589707077,4.0,0.0,241950.0,44.0,9.669309611293752e-05,41368,0.0709727325468961,0.2973312705472829,0.2681783020692322,0.3979383657253302
독산1동,14.245,8,2.0,27.79743473103763,3.0,1.0,695982.0,69.0,9.889485005068362e-05,80894,0.0585457512300046,0.453160926644745,0.2367295473088239,0.5539227399442453
독산2동,14.245,6,0.0,10.750077780843826,8.0,0.0,226494.0,28.0,0.0001107542363495,36116,0.0575922029017609,0.277827001882822,0.3104995016059364,0.4895700297999149
독산3동,14.245,7,0.0,12.666354705724856,10.0,0.0,435023.0,35.0,8.368200836820084e-05,47800,0.0468619246861924,0.314602510460251,0.3053138075313807,0.5248205049023392
독산4동,14.245,5,0.0,16.875037207382785,2.0,0.0,169603.0,22.0,6.75995403231258e-05,29586,0.054823227202055,0.2756033258973839,0.3135266680186575,0.4925137903861308
돈암1동,13.848,2,0.0,47.26488428849159,0.0,0.0,259383.0,9.0,0.0001392951664577,28716,0.0772391698008079,0.2598551330268839,0.3023401587964898,0.3144602178936942
돈암2동,13.848,0,0.0,56.27147697450746,1.0,0.0,195027.0,14.0,0.0001490630323679,46960,0.1121805792163543,0.2338586030664395,0.2310902896081771,0.2082358446420215
동선동,112.874,0,0.0,124.7575381700596,2.0,2.0,511138.0,113.0,0.0001997602876548,30036,0.0618591024104408,0.46597416433613,0.1992941803169529,0.6912814148309029
동화동,14.146,2,0.0,88.77004951955081,0.0,0.0,33617.0,27.0,4.992511233150274e-05,20030,0.0786819770344483,0.2464303544682975,0.291263105341987,0.2806135277847624
둔촌1동,17.327,0,0.0,335.8096527178962,0.0,0.0,52391.0,0.0,0.0002173913043478,9200,0.0005434782608695,0.0019565217391304,0.0017391304347826,0.6923076923076923
둔촌2동,17.327,3,1.0,38.63749144524564,1.0,0.0,236912.0,43.0,0.0001662648599218,24058,0.0783107490231939,0.278410507939147,0.2725496716269016,0.3361103131284114
등촌1동,15.34,4,0.0,20.729376419284485,1.0,0.0,310052.0,72.0,4.027548431269886e-05,49658,0.0463570824439163,0.4589391437432035,0.1839381368560957,0.5935678674250404
등촌2동,15.34,0,0.0,1.7556182457588354,3.0,0.0,245654.0,31.0,0.0001025115325474,39020,0.0708867247565351,0.3133777549974372,0.2613531522296258,0.3603930284243771
등촌3동,15.34,9,0.0,30.76042038228889,2.0,2.0,392391.0,70.0,0.000169096012716,59138,0.0566809834624099,0.2691332138388176,0.3478643173593966,0.4704014815794695
마장동,14.146,4,1.0,25.50501108607995,4.0,0.0,211856.0,14.0,0.0001372118551042,43728,0.0676454445664105,0.335300036589828,0.2688437614343212,0.4916001101624896
마천1동,17.603,11,0.0,23.009302505257075,4.0,0.0,93878.0,21.0,5.461794745753454e-05,36618,0.0766289802829209,0.2225681358894532,0.340761374187558,0.4213697995132692
마천2동,17.603,7,0.0,55.943487558135374,5.0,2.0,168798.0,20.0,8.425073017299484e-05,35608,0.0629072118625028,0.2305099977533138,0.3549764097955515,0.4272854804769698
망우3동,15.673,4,2.0,3.62224614521578,2.0,0.0,125784.0,18.0,9.472088911341248e-05,31672,0.0570219752462743,0.2551149280121242,0.3320282899722152,0.4868758393358564
망우본동,15.673,6,0.0,14.74288266500733,18.0,0.0,515662.0,84.0,0.0001123532385821,71204,0.0586203022302117,0.2911634177855177,0.2875962024605359,0.4776732924151134
망원1동,13.844,3,0.0,140.72515325300964,5.0,0.0,130552.0,98.0,0.0,38606,0.056830544474952,0.3488576905144278,0.2462829611977413,0.5122503197874644
망원2동,13.844,2,0.0,105.10315604168282,2.0,1.0,167964.0,54.0,8.285461776403005e-05,36208,0.0787671232876712,0.3023088820150243,0.2489505081749889,0.4058022922636103
면목2동,14.243,3,0.0,60.0389456745336,3.0,0.0,168077.0,36.0,0.0001262041983929,47542,0.0578856589962559,0.2673425602625047,0.3043203903916537,0.4860645688598283
면목3.8동,14.243,5,0.0,99.54598115347702,3.0,0.0,280490.0,44.0,4.06421459053038e-05,49210,0.0519406624669782,0.2837228205649258,0.3132696606380817,0.4897116134060795
면목4동,14.243,3,0.0,18.61083761624256,2.0,0.0,154726.0,15.0,8.176614881439084e-05,36690,0.0625783592259471,0.2574543472335786,0.3085309348596348,0.4424561011072587
면목5동,14.243,3,0.0,57.13634137537306,2.0,0.0,132127.0,15.0,0.0,29272,0.0573244055752937,0.2769882481552336,0.2476769609182836,0.3407568914499299
면목7동,14.243,1,0.0,17.152536853925824,8.0,0.0,223926.0,29.0,4.671587405400355e-05,42812,0.0512005979631878,0.2839857983742875,0.3089320751191254,0.4534038334434898
면목본동,14.243,5,0.0,15.625695075594518,10.0,0.0,409715.0,44.0,7.591400461557148e-05,65864,0.0505890926758168,0.3082412243410664,0.2866209158265517,0.5223620631531632
명동,272.502,8,0.0,163.9685369410035,3.0,31.0,832232.0,229.0,0.0001086956521739,9200,0.0289130434782608,0.1517391304347826,0.2102173913043478,0.6975438596491228
명일1동,17.327,8,0.0,92.59791511039444,6.0,1.0,229806.0,56.0,7.85607667530835e-05,25458,0.0930552282190274,0.259211249901799,0.2488805090737685,0.2599681020733652
명일2동,17.327,2,0.0,476.0147437359544,2.0,0.0,113657.0,41.0,0.0003486345148169,17210,0.1381173736199883,0.2345729227193492,0.2432887855897733,0.2701246729259658
목1동,14.838,2,0.0,31.323589512482425,2.0,0.0,673078.0,93.0,6.609385327164574e-05,60520,0.1671183079973562,0.1933906146728354,0.1790812954395241,0.1648447325142691
목2동,14.838,3,0.0,11.13520083413286,1.0,2.0,234216.0,36.0,6.887052341597796e-05,58080,0.077995867768595,0.3276859504132231,0.2364669421487603,0.4110654205607477
목3동,14.838,3,0.0,79.57376011174442,5.0,0.0,283297.0,41.0,4.676174888940846e-05,42770,0.0628010287584755,0.3261164367547346,0.2584054243628711,0.4183460736622654
목4동,14.838,4,0.0,13.587448574961028,3.0,0.0,245857.0,32.0,4.0587710041399465e-05,49276,0.1239548664664339,0.2635360012988067,0.210122574884325,0.333899320815022
목5동,14.838,9,0.0,118.45382978797554,2.0,0.0,437958.0,41.0,0.0001607041313323,80894,0.1765767547654955,0.1852300541449304,0.1906198234726926,0.1320375335120643
무악동,11.848,2,1.0,84.25589553831794,0.0,0.0,60335.0,14.0,0.000125250501002,15968,0.1178607214428857,0.2094188376753507,0.2629008016032064,0.2325041459369817
묵1동,15.673,6,0.0,23.82696753873132,1.0,2.0,256735.0,46.0,4.428436466698158e-05,67744,0.0874173358526216,0.2753897024090694,0.2662671232876712,0.3763951079329011
묵2동,15.673,1,0.0,6.333872853690249,1.0,0.0,80101.0,19.0,0.000109092892598,36666,0.0580374188621611,0.284132438771614,0.2985872470408552,0.4652649832014739
문래동,100.64,5,2.0,62.083029882735495,5.0,1.0,432872.0,90.0,6.219098852576262e-05,64318,0.0928200503747007,0.2829689977922199,0.2076557106875213,0.3082176189392215
문정1동,17.603,4,0.0,32.76210696867756,1.0,0.0,159953.0,42.0,5.0947625840635824e-05,39256,0.0716833095577746,0.3139902180558386,0.2574383533727328,0.3626515954315318
문정2동,35.205,10,0.0,129.7517187296142,8.0,2.0,336277.0,268.0,1.7373175816539263e-05,57560,0.0507296733842946,0.4182418346073662,0.2055941626129256,0.5772773151652788
미성동,14.245,8,0.0,16.258639575564544,5.0,0.0,456104.0,35.0,5.015045135406218e-05,59820,0.0692410565028418,0.2908057505850886,0.2935138749582079,0.4440025120368432
미아동,13.848,5,0.0,39.14742362146136,2.0,0.0,319346.0,48.0,0.0,42082,0.0572691412005132,0.2995104795399458,0.318473456584763,0.5605879336865494
반포1동,17.205,5,0.0,25.01111549756089,5.0,0.0,322308.0,45.0,4.394445420987871e-05,68268,0.1195582117536766,0.2710493935665319,0.1741079275795394,0.4192127904613508
반포2동,17.205,2,0.0,251.73165214247337,1.0,0.0,213871.0,11.0,0.0001279426816786,31264,0.1837896622313203,0.1615916069600818,0.1844293756397134,0.1319043693322341
반포3동,12.345,5,0.0,170.44355963470068,1.0,1.0,314473.0,33.0,4.204153703859413e-05,47572,0.1403346506348272,0.21172118052636,0.1988564701925502,0.1594308646479387
반포4동,17.205,3,0.0,165.89660595224132,2.0,0.0,610668.0,105.0,0.0,37482,0.1159489888479803,0.2363267701830211,0.2252814684381836,0.2574383678095778
반포본동,17.205,4,0.0,25.68685278491901,1.0,0.0,69837.0,4.0,0.0002173913043478,9200,0.0084782608695652,0.0104347826086956,0.0130434782608695,0.5317460317460317
발산1동,47.523,8,0.0,51.99342002652824,13.0,1.0,359568.0,143.0,9.761267291387774e-05,71712,0.1368529674252565,0.2266287371709058,0.2180388219544846,0.2407311859659467
방배1동,17.205,1,0.0,124.8069240925091,0.0,0.0,232892.0,56.0,3.004266057802079e-05,33286,0.0801538184221594,0.2959802920146608,0.2508562158264736,0.400266844563042
방배2동,17.205,6,0.0,133.00974653206762,2.0,2.0,316242.0,54.0,2.747705665769083e-05,36394,0.0813870418200802,0.2781777216024619,0.2765290982030005,0.3648340511781099
방배3동,17.205,7,0.0,1.8335581829536167,1.0,0.0,288162.0,31.0,0.0001175433441081,34030,0.1010872759330002,0.235321774904496,0.275639141933588,0.2191323692992213
방배4동,17.205,2,0.0,125.60194406123418,4.0,1.0,302736.0,59.0,6.559097468188377e-05,45738,0.1154401154401154,0.2609208972845336,0.221391403209585,0.3566433566433566
방배본동,17.205,1,0.0,291.1999039803768,1.0,0.0,158447.0,50.0,4.88162069807176e-05,40970,0.1358066878203563,0.2295826214303148,0.2231388821088601,0.2988404335770103
방이1동,17.327,4,0.0,247.0738784760821,0.0,1.0,103845.0,56.0,0.0001310959622443,30512,0.097928683796539,0.2807420031463031,0.2338096486628212,0.3113654946852003
방이2동,17.327,6,0.0,149.31155568709,12.0,0.0,228673.0,82.0,1.92789666473877e-05,51870,0.041873915558126,0.4386736070946597,0.2104491999228841,0.6302666069944377
방학1동,15.646,9,3.0,16.472785566867273,11.0,2.0,320723.0,57.0,7.163836951070993e-05,55836,0.073465147933233,0.2397378035675908,0.3201876925281181,0.4140147115756872
방학2동,15.646,5,0.0,32.07537239004923,6.0,0.0,154604.0,15.0,2.655196219000584e-05,37662,0.0677075035845149,0.2251075354468695,0.3496362381179969,0.4371667936024371
방학3동,15.646,4,2.0,7.611203163357473,0.0,0.0,188252.0,16.0,0.0001331102152582,52588,0.0976648665094698,0.22027839050734,0.3099186126112421,0.2161183217627527
방화1동,47.922,13,0.0,45.38422809078634,8.0,0.0,164961.0,85.0,9.889485005068362e-05,80894,0.1075728731426311,0.2619971814967735,0.2605137587460133,0.3109452736318407
방화2동,32.582,7,0.0,3.5241241106406456,1.0,0.0,163009.0,62.0,0.0001094714717344,45674,0.0570565310680036,0.3023164163419013,0.3105048824276393,0.521774991751897
방화3동,16.291,9,0.0,172.17362522032343,0.0,1.0,59112.0,26.0,0.0001351533991079,44394,0.0624859215209262,0.2466549533720773,0.347389286840564,0.4733143568760007
번1동,13.848,3,0.0,16.141600782923135,4.0,0.0,588157.0,47.0,8.37848405295202e-05,35806,0.0509411830419482,0.311232754286991,0.2970451879573256,0.5898968475850767
번2동,13.848,3,0.0,42.81192254104069,0.0,0.0,205044.0,17.0,3.3099430689792135e-05,30212,0.0590493843505891,0.2334171852244141,0.3725671918443002,0.427536231884058
번3동,13.848,3,0.0,36.38445044276888,1.0,0.0,243921.0,12.0,9.120204292576154e-05,32894,0.067793518574816,0.2041709734298048,0.3855414361281692,0.3771689497716895
보광동,18.927,0,0.0,10.95345865148474,3.0,0.0,171997.0,17.0,4.003843689942344e-05,24976,0.0493273542600896,0.3049327354260089,0.3067745035233824,0.5478653650007286
보라매동,17.205,4,0.0,29.76968899102028,6.0,1.0,248416.0,38.0,4.141987325518784e-05,48286,0.0551712711759102,0.364287785279377,0.2722114070330945,0.5487281642660129
보문동,99.025,3,0.0,16.77611110470843,1.0,0.0,192069.0,30.0,0.0001841620626151,32580,0.061817065684469,0.3370165745856354,0.232719459791283,0.486102608056814
부암동,36.67,0,0.0,27.852880096655667,0.0,0.0,228198.0,45.0,0.0002194907813871,18224,0.0925153643546971,0.2508779631255487,0.2810579455662862,0.4025597681719391
북가좌1동,13.844,2,0.0,100.88399313673206,0.0,1.0,176736.0,13.0,5.661231884057971e-05,35328,0.1078464673913043,0.2276947463768115,0.2548686594202898,0.2499633054454718
북가좌2동,13.844,5,0.0,32.447096837985605,1.0,4.0,300073.0,50.0,3.243699114470142e-05,61658,0.0706153297220149,0.2733140873852541,0.3039021700347076,0.4166495515848565
북아현동,11.848,6,0.0,6.917366288079807,2.0,0.0,226394.0,14.0,6.416837782340863e-05,31168,0.0653875770020533,0.303708932238193,0.2209317248459958,0.3944915254237288
불광1동,13.483,12,0.0,8.232311833617585,3.0,0.0,412563.0,53.0,7.950178879024778e-05,75470,0.0641314429574665,0.2660924870809593,0.30480985822181,0.4078360526167222
불광2동,13.483,7,4.0,38.40817238044091,3.0,0.0,356170.0,21.0,0.0001111316910538,53990,0.0557510650120392,0.2874235969624004,0.3258010742730135,0.4999290981281906
사근동,28.293,2,0.0,78.13492850435848,2.0,0.0,158633.0,54.0,0.0001660302174995,24092,0.069981736676075,0.5369417233936576,0.1725053959820687,0.7524848484848485
사당1동,17.205,2,0.0,56.40384717284721,5.0,0.0,343003.0,55.0,4.440497335701598e-05,45040,0.0370337477797513,0.4375666074600355,0.2465364120781527,0.6389009714368566
사당2동,34.41,3,0.0,112.8232870563166,9.0,1.0,393362.0,52.0,5.296797203291077e-05,56638,0.0639499982344009,0.2821074190472827,0.2846851936862177,0.3664146438519697
사당3동,17.205,5,0.0,86.19709950493721,1.0,0.0,171628.0,26.0,8.353869930245185e-05,47882,0.0674157303370786,0.2794369491667015,0.2779332525792573,0.3676835081029552
사당4동,17.205,5,0.0,168.3780705755754,5.0,1.0,62588.0,18.0,0.0,27744,0.0473615916955017,0.3421280276816609,0.2847462514417532,0.5098846787479407
사당5동,17.205,4,0.0,3.6405803357601294,0.0,0.0,108792.0,16.0,0.0001755124964897,28488,0.0640971637180567,0.323013198539736,0.2490171300196574,0.4213817748659916
사직동,142.175,6,0.0,171.99715014597234,2.0,2.0,783977.0,146.0,0.000110023104852,18178,0.0730553416217405,0.2754978545494554,0.2782484321707558,0.5047221612123874
삼각산동,13.848,4,0.0,4.366640729129197,2.0,2.0,154767.0,27.0,3.2517152798100995e-05,61506,0.1251910382726888,0.2116216304100412,0.2218970506942412,0.2383303022430068
삼선동,113.172,4,1.0,14.452438626015764,6.0,0.0,693711.0,59.0,4.464485021652752e-05,44798,0.0782624224295727,0.3258181168802179,0.2517523103709987,0.522364635103322
삼성1동,12.345,3,0.0,181.96996067675855,2.0,0.0,680504.0,111.0,0.00016200891049,12345,0.0945321992709599,0.2679627379505873,0.2543539894694208,0.376250707947895
삼성2동,12.345,1,1.0,290.85652421691583,4.0,0.0,443888.0,87.0,3.282563025210084e-05,30464,0.1179096638655462,0.2745863970588235,0.1756499474789916,0.4290421792618629
삼성동,14.245,4,0.0,1.4157520218608115,5.0,0.0,312559.0,9.0,9.887773767736194e-05,40454,0.0574974044593859,0.2201512829386463,0.3814703119592624,0.4292030848329048
삼양동,13.848,6,0.0,13.547660029786408,1.0,0.0,239410.0,25.0,0.0001101467154249,45394,0.0737982993347138,0.2410010133497819,0.3155923690355554,0.4312586445366528
삼전동,16.56,7,0.0,109.50904750375686,3.0,1.0,231994.0,73.0,5.129257283545343e-05,58488,0.061585282451101,0.3809670359731911,0.2162152920257146,0.5587888564869392
삼청동,82.935,2,0.0,323.27655134032887,0.0,0.0,135165.0,70.0,0.0,9200,0.0358695652173913,0.1176086956521739,0.1769565217391304,0.4883512544802867
상계10동,14.719,5,0.0,2.614836178626032,1.0,0.0,154628.0,7.0,0.0001369712908174,36504,0.0825662941047556,0.2852838045145737,0.2387683541529695,0.2880335166273893
상계1동,14.719,10,0.0,42.40732703014466,3.0,0.0,238468.0,59.0,0.0001073162879296,74546,0.0804603868752179,0.2451640597751724,0.303275829689051,0.316497884886553
상계2동,14.719,0,0.0,239.52329554632848,7.0,1.0,419371.0,113.0,0.0001030662200463,38810,0.085493429528472,0.2652409172893584,0.2815253800566864,0.3989981360671016
상계3.4동,14.719,5,1.0,11.23350069950832,6.0,1.0,95711.0,24.0,0.000120004800192,49998,0.0714028561142445,0.2159686387455498,0.3496139845593823,0.3876758854924794
상계5동,14.719,1,0.0,12.95289802658056,5.0,2.0,153208.0,40.0,4.292398162853586e-05,46594,0.0762759153539082,0.2411040048074859,0.3227883418465896,0.4068807339449541
상계6.7동,14.719,14,1.0,24.34074240909381,3.0,3.0,320944.0,46.0,0.0001258494840171,63568,0.0869305310848225,0.2764283916435943,0.2433929020891014,0.3552101324122049
상계8동,14.719,10,0.0,151.33982560992413,1.0,0.0,83143.0,15.0,0.0001590258530601,44018,0.0826480076332409,0.3223681221318552,0.1979190331228134,0.2698760829038272
상계9동,14.719,5,0.0,86.01467233975279,1.0,1.0,143389.0,9.0,0.0001514616044832,39614,0.0895642954511031,0.2578886252335033,0.2671782703084768,0.2928117124684987
상도1동,34.41,3,0.0,35.057769874800144,3.0,1.0,817282.0,73.0,8.653299379434816e-05,80894,0.0805004079412564,0.3959502558904245,0.260612653596064,0.5198174077162797
상도2동,17.205,7,0.0,14.040485558814613,1.0,1.0,350454.0,38.0,3.618468664061369e-05,55272,0.0731292517006802,0.3072079895788102,0.2283977420755536,0.4110756972111554
상도3동,17.205,5,0.0,27.93875095209867,5.0,0.0,229561.0,25.0,2.0756361824899333e-05,48178,0.0599028602266594,0.333388683631533,0.2765577649549587,0.4948065756113519
상도4동,17.205,1,0.0,7.740363169736121,3.0,2.0,198854.0,22.0,7.131395970761276e-05,56090,0.0638259939383134,0.3175610625779996,0.2741665180959173,0.4846164752587551
상봉1동,15.673,1,0.0,6.4290391700962,0.0,0.0,242901.0,38.0,6.41711229946524e-05,46750,0.0760641711229946,0.2768770053475936,0.2702887700534759,0.3470895301881217
상봉2동,15.673,3,0.0,69.44221491401878,6.0,0.0,390795.0,55.0,2.472676920033628e-05,40442,0.0326887888828445,0.4345482419267099,0.2301073141783294,0.6339371593459442
상암동,15.34,18,3.0,121.64172953818434,1.0,4.0,837102.0,151.0,0.0001335068922933,59922,0.1276325890324088,0.2600714261873769,0.2054337305163379,0.373042725627508
상일1동,17.327,9,0.0,65.85343683510239,1.0,0.0,274791.0,40.0,0.0002036504340299,39283,0.1182699895629152,0.2238118269989563,0.1991955807855815,0.1596854791299235
상일2동,17.327,9,0.0,140.45316601167983,0.0,0.0,135335.0,10.0,0.0001677430176968,11923,0.1160781682462467,0.2761050071290782,0.220917554306802,0.3423013245033112
서강동,83.866,8,0.0,145.22678285035,2.0,0.0,213970.0,83.0,2.029467873523562e-05,49274,0.0696107480618581,0.3572675244550878,0.2018914640581239,0.489873209287008
서교동,44.462,7,0.0,79.04703229258142,2.0,0.0,1696882.0,406.0,6.183782001071856e-05,48514,0.0436987261409077,0.4714103145483778,0.1887702518860535,0.6757730607966457
서림동,14.245,4,0.0,7.451724026792653,0.0,0.0,351524.0,30.0,8.48356309650053e-05,47150,0.04135737009544,0.448441145281018,0.2236691410392365,0.6929444225463145
서빙고동,75.71,3,3.0,2.1545628763774856,1.0,0.0,206875.0,9.0,0.0001195790816326,25088,0.1100924744897959,0.2409917091836734,0.2421077806122449,0.3298080689385037
서원동,14.245,5,0.0,46.55427408425585,1.0,1.0,861988.0,61.0,0.0,45912,0.033673113782889,0.4986495905209966,0.2113173026659696,0.6943162336806014
서초1동,13.996,3,0.0,269.57464416563226,3.0,0.0,380953.0,98.0,4.919565110444237e-05,40654,0.0914547154031583,0.2975352978796674,0.2202489299945884,0.4571217867678044
서초2동,13.996,3,2.0,205.7617150372357,3.0,1.0,616891.0,90.0,3.728977887161129e-05,53634,0.0948651974493791,0.3206548085169854,0.1839504791736585,0.4359601754978063
서초3동,31.201,7,0.0,97.82105886702664,2.0,0.0,681269.0,166.0,1.560549313358302e-05,64080,0.0848002496878901,0.3329275905118601,0.2232209737827715,0.4761904761904761
서초4동,13.996,2,0.0,144.03308478598703,1.0,2.0,367843.0,63.0,8.25245923285139e-05,60588,0.1370898527761272,0.2148280187495873,0.1995114544134152,0.213052002614135
석관동,15.673,3,2.0,51.1591151615059,5.0,0.0,258340.0,44.0,7.305882696747421e-05,68438,0.0598790145825418,0.2755194482597387,0.3109675911043572,0.4435194058457115
석촌동,16.56,5,0.0,35.55695991731736,6.0,0.0,404570.0,100.0,4.85295544986897e-05,61818,0.0539648646025429,0.3825423015950047,0.2277330227441845,0.5546572934973638
성내1동,17.327,3,2.0,112.3516792484056,1.0,0.0,159374.0,56.0,0.0001532175689479,19580,0.0828396322778345,0.2818181818181818,0.2463227783452502,0.3272616879174256
성내2동,17.327,1,0.0,12.289483837679054,5.0,3.0,275850.0,43.0,0.0,22747,0.0457203147667824,0.3340660306853651,0.2926979381896514,0.565220723482526
성내3동,17.327,3,0.0,237.99453869048432,10.0,0.0,153218.0,57.0,8.865641207500332e-05,22559,0.0691520014185026,0.2946495855312736,0.2708010106830976,0.4251530852567122
성북동,54.85,1,0.0,18.4581107728464,4.0,1.0,357194.0,71.0,0.000124517494708,32124,0.0674884821317395,0.3184534927157265,0.2655335574648238,0.5049164208456244
성산1동,13.844,4,0.0,31.024511195705703,1.0,3.0,220648.0,42.0,0.0001073422069557,37264,0.0702018033490768,0.3384499785315586,0.2329325890940317,0.4931463517503163
성산2동,27.689,11,1.0,35.94224264760468,11.0,2.0,370508.0,55.0,8.98657149459522e-05,77894,0.078799394048322,0.3426708090481937,0.2290291935193981,0.4891761567661845
성수1가1동,12.345,3,0.0,50.29556236706133,0.0,0.0,135806.0,42.0,0.0001603694913079,31178,0.060619667714414,0.3238822246455834,0.2442106613637821,0.440746208562609
성수1가2동,12.345,2,0.0,344.3680807573886,1.0,2.0,161021.0,101.0,0.0,24156,0.0641662526908428,0.3406193078324226,0.2439145553899652,0.4697682230433322
성수2가1동,12.345,6,0.0,198.99017853832927,4.0,1.0,140286.0,53.0,6.73536741429245e-05,29694,0.050784670303765,0.2945376170270088,0.3071327540917357,0.5080813347236705
성수2가3동,12.345,11,0.0,319.0288377475713,3.0,2.0,233581.0,98.0,9.796238244514106e-05,20416,0.0480995297805642,0.3480603448275862,0.2662617554858934,0.5235472844663881
성현동,17.205,0,0.0,1.4239809572051143,2.0,0.0,294043.0,15.0,8.782715615668365e-05,56930,0.0937291410504127,0.2490426839978921,0.2742666432460917,0.3508413657899036
세곡동,49.197,22,2.0,34.47296178840779,1.0,1.0,461927.0,53.0,0.0002262187535346,44205,0.1142404705350073,0.2651736228933378,0.2267843004185047,0.3622014752153505
소공동,142.175,6,1.0,180.03404986173666,2.0,8.0,757146.0,138.0,0.0002173913043478,9200,0.0284782608695652,0.1556521739130434,0.0847826086956521,0.5988791032826261
송정동,14.731,2,0.0,30.46045060849703,1.0,0.0,66640.0,16.0,0.0001009285425918,19816,0.0500605571255551,0.3109608397254744,0.2853249899071457,0.5548363232846311
송중동,13.848,5,0.0,19.71606472963001,3.0,1.0,955265.0,81.0,0.000103476821192,57984,0.0648454746136865,0.2667977373068432,0.3048772075055188,0.4522439585730725
송천동,13.848,2,0.0,5.369551564107517,7.0,0.0,448989.0,37.0,5.9566356921610674e-05,50364,0.0551584465094114,0.2406083710586927,0.3570407433881344,0.4952722281531188
송파1동,16.56,6,0.0,176.35646215763148,2.0,0.0,271599.0,100.0,8.488604049064132e-05,47122,0.0497432197275158,0.4026144900471117,0.2260090828063325,0.5314322230210081
송파2동,16.56,5,0.0,3.4556236661311623,3.0,0.0,173269.0,38.0,0.0001337900032109,37372,0.093653002247672,0.2738413785721931,0.2470298619287166,0.2559440559440559
수궁동,36.217,5,2.0,15.919574281410014,1.0,0.0,421390.0,26.0,8.745463290917836e-05,22869,0.0798023525296252,0.2491145218417945,0.3034675761948489,0.3423080772695426
수색동,13.844,1,0.0,58.203389305767416,3.0,0.0,202454.0,17.0,0.0001133016088828,26478,0.0674522244882544,0.2826497469597401,0.2659566432510008,0.2898830183828255
수서동,16.56,4,0.0,72.75891167466663,1.0,0.0,398636.0,30.0,0.000351617440225,14220,0.0349507735583684,0.2179324894514767,0.4596343178621659,0.4986439364587369
수유1동,13.848,3,0.0,29.129511534989987,13.0,0.0,305612.0,44.0,9.963632740497185e-05,40146,0.0622727046281074,0.2769889901858217,0.3252129726498281,0.5006680664248903
수유2동,13.848,3,0.0,33.44855618279932,2.0,0.0,259598.0,31.0,7.226477814713109e-05,41514,0.0601724719371778,0.2445921857686563,0.347497229850171,0.4101546601546602
수유3동,13.848,5,3.0,13.263085490872284,10.0,7.0,713471.0,74.0,2.178079804844049e-05,45912,0.0454783063251437,0.3281495033978045,0.3014462449904164,0.6042035398230089
숭인1동,14.146,1,0.0,677.3500680815412,0.0,0.0,71036.0,6.0,8.695652173913044e-05,11500,0.0594782608695652,0.2620869565217391,0.3128695652173913,0.5
숭인2동,14.146,1,0.0,6.892828437556994,4.0,0.0,235412.0,29.0,0.0,19510,0.032393644284982,0.4220399794976935,0.253818554587391,0.7214263943919537
시흥1동,14.245,6,2.0,63.81258749682448,14.0,1.0,654533.0,72.0,6.188693257418696e-05,64634,0.0630008973605223,0.2867840455487824,0.2948602902497138,0.4847521848071869
시흥2동,14.245,0,0.0,4.873757127385316,1.0,0.0,205974.0,9.0,0.0001695818595862,41278,0.0967101119240273,0.2110567372450215,0.3080575609283395,0.2763971390471572
시흥3동,14.245,6,0.0,36.80219102763263,0.0,0.0,102889.0,13.0,9.62186086789185e-05,20786,0.0598479745982873,0.2457423265659578,0.3474453959395747,0.3437770095073466
시흥4동,14.245,8,0.0,18.22206211642277,2.0,0.0,139331.0,13.0,2.5334414268342115e-05,39472,0.0662241588974462,0.2458958248885285,0.3328942034860154,0.3883335164231572
시흥5동,14.245,3,0.0,26.93654854670493,3.0,0.0,242460.0,22.0,0.0001085717387763,36842,0.066554475869931,0.234677813365181,0.3481352803865153,0.4568843344598277
신길1동,15.774,2,0.0,44.28304334121261,2.0,0.0,259895.0,23.0,2.5775853180740283e-05,38796,0.0454170533044643,0.3755026291370244,0.2630168058562738,0.6342576644850155
신길3동,15.774,1,0.0,2.3720039890704308,3.0,0.0,178197.0,16.0,0.0001230693495784,32502,0.0651652206018091,0.2714294504953541,0.2887822287859208,0.4112668606188839
신길4동,15.774,0,0.0,4.022818414092137,1.0,0.0,99544.0,18.0,0.0001619957881095,24692,0.0674712457476105,0.265349100923376,0.2900534586100761,0.4165797705943691
신길5동,31.547,2,0.0,89.36556008096026,2.0,0.0,153411.0,8.0,9.889240506329114e-05,20224,0.071696993670886,0.245945411392405,0.3005340189873418,0.4126329498589103
신길6동,15.774,1,0.0,11.57813535574506,2.0,0.0,244903.0,40.0,8.225939128050452e-05,36470,0.0621880998080614,0.3249794351521798,0.2690430490814368,0.4724786324786325
신길7동,15.774,1,0.0,5.666701752312146,3.0,0.0,270647.0,21.0,7.557436517533252e-05,39696,0.0900342603788794,0.2889963724304716,0.2045546150745667,0.2853887060015194
신내1동,15.673,6,3.0,30.407267365773077,3.0,0.0,427060.0,48.0,5.220024012110456e-05,76628,0.1024168711176071,0.2347966800647282,0.2864749177846218,0.2692745662803938
신내2동,15.673,5,1.0,2.000866313707513,3.0,0.0,236413.0,22.0,0.0002261988539258,39788,0.0767568110988237,0.2456016889514426,0.3131094802453001,0.3574148745519713
신당5동,14.146,2,0.0,26.639861358651945,0.0,0.0,144514.0,20.0,9.902951079421667e-05,20196,0.0487225193107546,0.3215488215488215,0.266488413547237,0.5190582959641256
신당동,42.439,0,0.0,134.8822198015663,0.0,1.0,137030.0,64.0,0.0001332445036642,15010,0.0329113924050632,0.3508327781479014,0.2856762158560959,0.6653976311336718
신대방1동,15.774,4,0.0,27.95736987099933,2.0,0.0,145388.0,32.0,0.0001069793315931,46738,0.0966237322949206,0.2792588471907227,0.2478497154349779,0.4053847622684743
신대방2동,15.774,1,0.0,109.9656663844519,3.0,0.0,268245.0,59.0,2.25886604924328e-05,44270,0.0816354190196521,0.3400045177320985,0.2193358933815224,0.4721624403480864
신도림동,17.357,3,0.0,41.70322377061737,1.0,1.0,595310.0,64.0,0.0001399893608085,35717,0.0992244589411204,0.2773189237617941,0.2403617325083293,0.2679715302491103
신림동,14.245,2,0.0,134.30202285916536,7.0,0.0,466126.0,62.0,0.0,46768,0.0220663701676359,0.6645569620253164,0.1194406431748204,0.8577928870292887
신사1동,13.844,2,0.0,20.45425308307252,2.0,0.0,333551.0,31.0,5.623875224955009e-05,53344,0.068498800239952,0.2823185362927414,0.289629574085183,0.370650278216095
신사2동,13.844,7,1.0,5.661988118295989,1.0,0.0,306558.0,30.0,0.0001303033461899,38372,0.0741165433128322,0.2674345877202126,0.2998540602522673,0.3886848749139316
신사동(강남구),24.689,8,0.0,330.35074228558307,3.0,2.0,377073.0,115.0,6.428801028608164e-05,31110,0.0497589199614271,0.1293796207007393,0.1304403728704596,0.3877159309021113
신사동(관악구),14.245,2,0.0,35.63959984412425,5.0,0.0,235518.0,31.0,6.614923266890104e-05,45352,0.0426883048156641,0.4557682130887281,0.2276415593579114,0.689851689096402
신수동,86.02,4,0.0,184.3259253379298,1.0,1.0,76422.0,43.0,4.506737572671144e-05,44378,0.0823380954527017,0.2988417684438235,0.2206949389337059,0.3973437187936888
신원동,14.245,1,0.0,30.0213338813163,7.0,0.0,75605.0,16.0,8.414203174959332e-05,35654,0.0413417849329668,0.4333314635104056,0.2534918943176081,0.6667254763585039
신월1동,14.838,5,0.0,57.0467899156228,20.0,0.0,97117.0,26.0,2.5265285497726124e-05,39580,0.0595250126326427,0.2491157150075796,0.3360788276907529,0.4842022116903633
신월2동,14.838,3,0.0,14.979975986055118,2.0,1.0,224544.0,18.0,4.796853264258646e-05,41694,0.0842327433203818,0.2514030795797956,0.2885786923778001,0.3152585119798234
신월3동,14.838,3,0.0,61.12415743112994,5.0,0.0,79566.0,15.0,0.0001374475981032,29102,0.0650814377018761,0.255308913476737,0.3198405607862002,0.5343048749032757
신월4동,14.838,5,0.0,40.37414291308456,1.0,0.0,193119.0,12.0,0.0001142922452711,34998,0.0892622435567746,0.2308131893251042,0.2924167095262586,0.2520431990659661
신월5동,14.838,4,0.0,21.306169304794864,1.0,0.0,141339.0,14.0,0.0001059322033898,28320,0.080367231638418,0.2713276836158192,0.2797316384180791,0.3853513174404015
신월6동,14.838,2,0.0,7.774364068497692,4.0,0.0,74764.0,19.0,7.195797654169965e-05,27794,0.0915305461610419,0.2672519248758725,0.2247967187162697,0.2342442833240379
신월7동,14.838,8,2.0,18.545717043474944,3.0,0.0,198885.0,16.0,7.996588122401109e-05,37516,0.0584817144684934,0.2493869282439492,0.3422006610512847,0.3994650022291574
신정1동,14.838,7,0.0,36.8954144135282,2.0,1.0,253575.0,43.0,0.0001011122345803,39560,0.1451971688574317,0.1988877654196157,0.212386248736097,0.2014936090765474
신정2동,14.838,2,0.0,103.30456661184,3.0,1.0,74847.0,30.0,7.965588657001752e-05,37662,0.1544793160214539,0.1999362752907439,0.2245233922786894,0.2354054447517833
신정3동,14.838,14,0.0,14.501031021185774,2.0,0.0,490650.0,44.0,0.000148342275076,80894,0.1345711672064677,0.2988107894281405,0.3008628575666922,0.2780783817951959
신정4동,14.838,10,0.0,57.03021049339479,5.0,0.0,422926.0,79.0,9.316770186335404e-05,64400,0.0650931677018633,0.3095962732919254,0.2772360248447205,0.4905602737215128
신정6동,14.838,7,2.0,60.614432943422216,1.0,2.0,158456.0,21.0,4.177458434288579e-05,47876,0.1475896064834155,0.2162670231431197,0.1986799231347648,0.1457390879080572
신정7동,14.838,4,0.0,2.2940579115439905,4.0,0.0,161220.0,32.0,0.0001059359440658,56638,0.1142342596843108,0.2098237932130371,0.2773403015643207,0.2940920938314509
신촌동,63.233,4,0.0,92.6212987293733,5.0,2.0,1173952.0,223.0,0.0001474418833243,40694,0.0461493094805131,0.5986631935911928,0.1443947510689536,0.7995591771306438
쌍문1동,15.646,4,1.0,21.39924634464028,0.0,0.0,249557.0,22.0,0.0001918833349323,41692,0.0698935047491125,0.2500239854168665,0.324138923534491,0.3756765361349888
쌍문2동,15.646,2,0.0,11.514185035118595,1.0,0.0,288050.0,34.0,8.272667107875579e-05,36264,0.065354070152217,0.2528127068166777,0.3229649238914626,0.3980181668042939
쌍문3동,15.646,3,0.0,52.99883544004461,4.0,0.0,194306.0,24.0,0.0,33236,0.0573474545673366,0.2908893970393549,0.3029245396557949,0.4582876628912434
쌍문4동,15.646,2,0.0,43.62480931825645,0.0,0.0,163630.0,12.0,0.0001646632636258,36438,0.0992919479664087,0.2411219057028377,0.2794884461276689,0.2476015801354401
아현동,49.703,5,0.0,8.456416790312145,4.0,0.0,357079.0,50.0,1.77430801987225e-05,56360,0.0727821149751596,0.3060681334279631,0.1928317955997161,0.3184038413775975
안암동,70.732,1,0.0,137.40963355960687,1.0,1.0,285932.0,104.0,6.634819532908705e-05,30144,0.054936305732484,0.5008625265392781,0.1961252653927813,0.7159870811465483
암사1동,14.797,4,0.0,17.627320376613948,9.0,0.0,164392.0,46.0,5.878549174063841e-05,34022,0.0701604843924519,0.2748221738874846,0.2784080888836635,0.419894311470314
암사2동,14.797,2,2.0,115.48271447228694,1.0,1.0,99261.0,23.0,0.0002014775016789,14890,0.067293485560779,0.2976494291470786,0.2492276695768972,0.3299905985584456
암사3동,14.797,4,0.0,223.8767367056118,2.0,0.0,74987.0,19.0,5.747787101965744e-05,17398,0.1112196804230371,0.2250258650419588,0.2389929876997356,0.1823051948051948
압구정동,24.689,3,0.0,174.29921727423363,1.0,0.0,611984.0,130.0,7.810364353497091e-05,25607,0.104580778693326,0.2182215800367087,0.2716054203928613,0.2687
약수동,14.146,1,0.0,11.185297689860802,1.0,0.0,146847.0,30.0,3.0708758137820905e-05,32564,0.0552143471318019,0.2503992138557916,0.3377349219997543,0.4079896907216495
양재1동,31.186,26,0.0,37.49661204429474,2.0,0.0,945351.0,114.0,0.000148342275076,80894,0.1097485598437461,0.2691670581254481,0.260983509283754,0.3530597390963552
양재2동,31.186,19,0.0,142.18050257875993,4.0,0.0,474942.0,117.0,4.677924872526548e-05,42754,0.0683444823876128,0.3428451139074706,0.220096365252374,0.5173948587519303
양평1동,50.32,1,0.0,50.20085224030392,1.0,2.0,163730.0,46.0,0.0001096671601688,36474,0.0550529144047814,0.4131710259362833,0.1852826671053353,0.5507887069225359
양평2동,100.64,3,0.0,63.90931946415642,1.0,1.0,308906.0,47.0,8.890469416785207e-05,44992,0.0632112375533428,0.4070056899004267,0.1816767425320057,0.4731619305367613
여의동,16.773,4,0.0,81.30387924628315,4.0,2.0,1631757.0,302.0,0.0001073784322748,65190,0.0910569105691057,0.2477373830342077,0.2700107378432275,0.3181183388460125
역삼1동,13.996,6,0.0,103.6932066698602,7.0,2.0,1296216.0,316.0,5.826147751106968e-05,34328,0.0375495222558844,0.4856676765322769,0.1563155441621999,0.7429196650254597
역삼2동,13.996,9,0.0,24.183587829156327,5.0,1.0,444161.0,97.0,5.417118093174431e-05,36920,0.1574485373781148,0.2464788732394366,0.1446641386782232,0.4175094816687737
역촌동,13.483,7,0.0,36.33363834929131,5.0,3.0,325696.0,78.0,4.944742502534181e-05,80894,0.0777066284273246,0.2990333028407546,0.3138428066358444,0.4101498308361527
연남동,13.844,2,0.0,93.18215551449376,2.0,5.0,127848.0,169.0,6.955070246209486e-05,28756,0.049172346640701,0.4118097092780637,0.2237446098205592,0.6040252471120638
연희동,13.844,9,1.0,47.01653900667903,2.0,6.0,1026410.0,121.0,2.924575205451408e-05,68386,0.0620302401076243,0.3804872342292282,0.2428274793086304,0.5695339547270306
염리동,37.855,2,0.0,41.60836863448733,0.0,1.0,153099.0,43.0,8.9126559714795e-05,33660,0.0985145573380867,0.3095662507427213,0.1830659536541889,0.4307889672867223
염창동,30.68,4,0.0,3.465199336394732,0.0,1.0,357244.0,58.0,4.944742502534181e-05,80894,0.1086359927806759,0.3126807921477489,0.1820159715182832,0.3018379029828261
영등포동,150.959,4,0.0,58.8930608309023,5.0,0.0,1132620.0,131.0,6.579813133307015e-05,60792,0.0277668114225556,0.5401697591788394,0.1677523358336623,0.7696051423324151
영등포본동,32.547,2,0.0,14.690682172533876,1.0,0.0,182736.0,45.0,7.162297665090961e-05,41886,0.0545289595568925,0.2859189227904312,0.2965191233347657,0.4878536724778508
오금동,17.603,15,0.0,35.24002194448259,3.0,1.0,323319.0,71.0,9.309005798180754e-05,75196,0.078887174849726,0.2638438214798659,0.2759721261769243,0.3097645252111594
오류1동,17.357,2,0.0,62.88315118116318,5.0,0.0,216401.0,25.0,0.0002206433961431,22661,0.0493358633776091,0.3809628877807687,0.2584175455628613,0.5675506041110937
오류2동,34.714,9,0.0,13.821674479055778,5.0,1.0,247964.0,42.0,0.0003182348573247,37708,0.1054152964888087,0.2363954598493688,0.2911848944521056,0.3224786595004742
오륜동,17.327,1,2.0,398.900082767279,2.0,0.0,242432.0,29.0,0.000140496796673,35588,0.1426885467011352,0.1995054512757109,0.2555355737889176,0.1184834123222748
옥수동,12.345,2,0.0,10.965414718840274,0.0,0.0,223911.0,29.0,0.0001179106237471,50886,0.0640254686947294,0.2757143418622018,0.2443108124041976,0.2972872538089929
왕십리2동,14.146,4,0.0,32.622611901673906,2.0,0.0,120996.0,21.0,9.2569735867687e-05,32408,0.0667736361392248,0.3081955072821525,0.2448160947914095,0.4055224688684353
왕십리도선동,56.586,7,0.0,16.6513194773304,4.0,0.0,327870.0,56.0,9.46790380609733e-05,52810,0.0635864419617496,0.3230448778640409,0.2237833743609165,0.4231335952848723
용강동,109.256,6,0.0,45.48204717366164,1.0,0.0,171071.0,50.0,7.0482097547223e-05,42564,0.1012592801428437,0.2556620618362936,0.2049619396673245,0.3814377682403433
용답동,28.878,3,0.0,34.784348621799175,5.0,2.0,271188.0,33.0,8.430992327796982e-05,23722,0.0464547677261613,0.3818396425259253,0.2644802293229913,0.6808705913203095
용문동,37.855,1,0.0,61.34885555663048,3.0,0.0,68695.0,21.0,4.363382494109434e-05,22918,0.0573348459725979,0.3146871454751723,0.2741949559298368,0.3982350732256853
용산2가동,37.855,0,0.0,27.05251620794994,0.0,0.0,278334.0,21.0,5.559879906594018e-05,17986,0.0490381407761592,0.3329256088068498,0.3099077059935505,0.5564117763287888
용신동,28.293,6,0.0,28.9973159752711,2.0,1.0,936453.0,92.0,2.740026304252521e-05,72992,0.0491012713722051,0.3697665497588777,0.2472051731696624,0.5915784629544408
우이동,30.837,2,0.0,53.676685475439314,3.0,0.0,247242.0,36.0,4.99226199390944e-05,40062,0.0637511856622235,0.239578653087714,0.3423693275423094,0.4169275725318305
우장산동,29.676,8,0.0,24.22581703885304,2.0,2.0,357907.0,60.0,6.180928128167726e-05,80894,0.1370929858827601,0.2575716369570054,0.2297574603802507,0.2656835345186418
원효로1동,75.71,5,0.0,19.616535987677,2.0,0.0,253501.0,38.0,8.731590895861226e-05,34358,0.0559986029454566,0.4106176145293672,0.1795797194248792,0.5557575109590506
원효로2동,94.637,2,0.0,55.44218548812516,0.0,0.0,154997.0,22.0,0.0001093772786933,27428,0.0759078314131544,0.3047980166253463,0.2540469593116523,0.4066216650594664
월계1동,13.848,6,0.0,77.2475270633816,1.0,1.0,371295.0,45.0,7.211885186787827e-05,41598,0.0733689119669214,0.2912159238424924,0.2899177845088706,0.463130659767141
월계2동,13.848,7,0.0,2.266222322942903,1.0,0.0,212063.0,14.0,0.0001354803747,51668,0.0742432453356042,0.2228458620422699,0.3315785399086475,0.3793485675306958
월계3동,13.848,4,0.0,67.24833601023012,1.0,0.0,228263.0,22.0,0.0001381501692339,57908,0.0667956068246183,0.2583062789251917,0.308938315949437,0.3476808328801181
월곡1동,13.848,5,0.0,38.12669390260508,3.0,0.0,319891.0,39.0,5.809450038729667e-05,51640,0.0968628969790859,0.236560805577072,0.2711463981409759,0.3230113109586501
월곡2동,27.697,4,0.0,85.74884276670014,4.0,0.0,193005.0,64.0,5.234779877506151e-05,38206,0.0738627440716118,0.3193739203266502,0.2745642045751976,0.5056110367548646
위례동,35.205,5,0.0,65.29041203624003,3.0,0.0,415002.0,63.0,9.889485005068362e-05,80894,0.1505674092021658,0.2753479862536158,0.1444112047865107,0.1445733788395904
은천동,17.205,6,0.0,0.9863329843323728,1.0,0.0,441388.0,34.0,9.186110600771634e-05,65316,0.0789086900606283,0.3142874640210668,0.261987874334007,0.4815526756371303
을지로동,123.076,1,0.0,325.6452142784527,5.0,3.0,225260.0,84.0,0.0001086956521739,9200,0.0139130434782608,0.2282608695652173,0.1502173913043478,0.7421686746987952
응봉동,12.345,3,0.0,22.55674192476182,0.0,0.0,122328.0,6.0,6.685832720465334e-05,29914,0.1029618238951661,0.2476432439660359,0.2414922778632078,0.2703747269366493
응암1동,13.844,5,0.0,32.62611243494642,4.0,0.0,532998.0,57.0,6.07588783911049e-05,65834,0.0811738615305161,0.2913692013245435,0.2362608986238114,0.4089854880392287
응암2동,13.844,5,0.0,2.2518647764853146,1.0,1.0,166566.0,24.0,7.223606746848702e-05,55374,0.0928955827644743,0.244735796583234,0.2127713367284285,0.2940862130388315
응암3동,13.844,4,0.0,36.28138947097876,11.0,0.0,250129.0,48.0,0.0001269142905491,47276,0.0549115830442507,0.2808613249851933,0.3348845079956003,0.5102887222842558
이문1동,15.673,2,0.0,117.10144329270987,2.0,0.0,217914.0,62.0,5.6041246357318986e-05,35688,0.0678099080923559,0.4004147052230442,0.2454606590450571,0.6525408011869436
이문2동,15.673,0,0.0,5.9830883789285085,2.0,0.0,102214.0,14.0,7.688364941055868e-05,39020,0.0837519220912352,0.2581240389543823,0.2928754484879549,0.3855712806351398
이촌1동,18.927,9,0.0,49.15117580482709,3.0,0.0,178719.0,21.0,0.0001200576276612,49976,0.1072514807107411,0.2197454778293581,0.241355850808388,0.2010940919037199
이촌2동,18.927,1,0.0,10.922814389109442,1.0,5.0,61356.0,7.0,0.0,15930,0.0593848085373509,0.2634023854362837,0.3146264908976773,0.3675450762829403
이태원1동,18.927,2,2.0,656.6201722611589,0.0,0.0,197951.0,40.0,8.21827744904668e-05,12168,0.0397764628533859,0.3374424720578566,0.3091715976331361,0.5750873108265425
이태원2동,18.927,3,0.0,100.29406507596488,0.0,0.0,132116.0,36.0,0.0001155668554258,17306,0.0496937478331214,0.3326014099156362,0.2837166300704958,0.562874251497006
이화동,40.141,2,0.0,47.13786347159017,0.0,1.0,427320.0,95.0,0.0,14012,0.0469597487867542,0.3932343705395375,0.2701969740222666,0.6507378777231202
인수동,13.848,2,0.0,42.03204963958173,11.0,0.0,261588.0,39.0,8.490117503226245e-05,58892,0.0672756910955647,0.2392854717109284,0.3452081776811791,0.4316055981433293
인헌동,17.205,5,0.0,22.54384761432492,12.0,0.0,202482.0,32.0,3.8877225721172535e-05,51444,0.0532229220122852,0.4256278671953969,0.226226576471503,0.608873949579832
일원1동,33.12,1,0.0,62.792606634102,1.0,0.0,103266.0,26.0,0.0002731867231252,14642,0.0678869006966261,0.2832946318808906,0.3222920366070209,0.4797749799089204
일원본동,33.12,8,0.0,336.8763647455156,0.0,0.0,233214.0,9.0,0.0002190676480897,22824,0.1426568524360322,0.2125394321766561,0.2179284963196635,0.1873518772608207
자양1동,14.731,1,3.0,33.1098623807952,9.0,2.0,220281.0,40.0,9.047726758651888e-05,44210,0.0641483827188418,0.3532232526577697,0.2480886677222347,0.5524062837669355
자양2동,14.731,5,0.0,29.459810991095317,0.0,0.0,233289.0,32.0,0.0001684848995408,47482,0.0713954761804473,0.2902573606840486,0.2657849290257361,0.403178394267867
자양3동,14.731,3,0.0,10.714301369863014,1.0,0.0,173970.0,57.0,0.0001095290251916,54780,0.089850310332238,0.268236582694414,0.244906900328587,0.2956529647144416
자양4동,14.731,2,0.0,5.569636127441413,6.0,0.0,219783.0,65.0,5.571030640668524e-05,35900,0.042116991643454,0.3338718662952646,0.308133704735376,0.5551812056091786
잠실2동,16.56,2,0.0,121.76569273602392,3.0,1.0,196038.0,75.0,7.1571714858288e-05,69860,0.1661608932150014,0.18937875751503,0.1581734898368164,0.1417070637119113
잠실3동,16.56,4,0.0,53.02183638006565,2.0,0.0,542692.0,134.0,8.830281980337905e-05,67948,0.120445046211809,0.2117795961617707,0.2529581444634132,0.1551330798479087
잠실4동,14.731,0,0.0,223.20982101110135,1.0,0.0,102609.0,22.0,7.068136839129205e-05,42444,0.1244463292809348,0.2045047592121383,0.2059183865799642,0.1457411504424778
잠실6동,14.731,4,2.0,150.4267475450471,3.0,0.0,645348.0,152.0,6.0455837011063415e-05,33082,0.1033794812889184,0.2284021522277975,0.2664288737077565,0.1670964414646725
잠실7동,16.56,1,0.0,285.4004510302198,0.0,0.0,94603.0,8.0,0.0001592187665852,18842,0.0974418851501963,0.2192973145101369,0.3213034709691115,0.1586125111176994
잠실본동,16.56,6,0.0,349.0406798599491,10.0,0.0,257500.0,117.0,1.7965577952642736e-05,55662,0.0549387373791814,0.3987639682368581,0.2136825841687327,0.6002256487401278
잠원동,12.345,9,0.0,69.39496696689638,3.0,0.0,401945.0,51.0,3.804451207913259e-05,52570,0.1280197831462811,0.2480882632680235,0.1949400798934753,0.3301106256391187
장안1동,14.243,11,0.0,29.641308115591983,2.0,0.0,564270.0,89.0,6.62023673966581e-05,75526,0.0677382623202605,0.2915817069618409,0.2657363027301856,0.4602030789387488
장안2동,14.243,4,0.0,77.25576818172897,5.0,0.0,426464.0,73.0,7.700837851158205e-05,64928,0.0874815179891572,0.2592410054213898,0.2452254805322819,0.3765944099811807
장위1동,13.848,1,0.0,10.451732188282955,1.0,0.0,235921.0,21.0,8.434903631226013e-05,47422,0.0756610855720973,0.2664586057104298,0.2665851292648981,0.3878645343367827
장위2동,13.848,1,0.0,2.705243401068646,5.0,0.0,226967.0,19.0,0.0001883381045653,26548,0.0597408467681181,0.2690221485610969,0.3320024107277384,0.4601051840721262
장위3동,13.848,0,0.0,60.49538141742734,0.0,0.0,193545.0,12.0,9.509922018639449e-05,31546,0.0847651049261396,0.2738223546566918,0.2130856526976478,0.3330772776156092
장지동,35.205,12,0.0,21.75729385716872,0.0,0.0,271649.0,43.0,0.0001216122307157,57560,0.0838776928422515,0.2812717164697706,0.2484016678248783,0.3130212203781686
장충동,37.842,0,0.0,106.16753055120763,1.0,0.0,123695.0,25.0,0.0002173913043478,9200,0.0634782608695652,0.4184782608695652,0.2469565217391304,0.6781729428172942
전농1동,14.146,0,0.0,52.53510370986378,3.0,2.0,735849.0,83.0,6.995208282326606e-05,57182,0.0623972578783533,0.2926795145325452,0.2874331083208002,0.4909742670592754
전농2동,14.146,1,0.0,2.665414830534436,2.0,0.0,242995.0,45.0,0.0001930608417452,36258,0.089304429367312,0.2258811848419659,0.3024987588945887,0.3148857482499009
정릉1동,12.411,2,0.0,2.7136066794224414,2.0,0.0,307732.0,18.0,5.603496581867085e-05,35692,0.0927939033957189,0.2576487728342486,0.2542866748851283,0.3192877531602555
정릉2동,26.259,1,0.0,11.338984382076612,0.0,0.0,256645.0,29.0,4.408782294330306e-05,45364,0.0738471034300326,0.2665549775152103,0.2908473679569703,0.3547575940454637
정릉3동,12.411,1,0.0,27.757467043779023,3.0,1.0,195529.0,35.0,6.617257808364214e-05,30224,0.0639888830068819,0.3435018528321863,0.3050555849655902,0.5853069115514742
정릉4동,12.411,1,0.0,4.788665608722237,1.0,0.0,386622.0,28.0,6.179705846001731e-05,48546,0.0829728504923165,0.2466526593334157,0.2917645120092283,0.3690509323684943
제기동,14.146,2,0.0,10.672500506549232,86.0,0.0,566249.0,53.0,0.0001042405036901,47966,0.0529958720760538,0.3166826502105658,0.3296084726681399,0.5854229607250755
조원동,14.245,2,0.0,5.588240939068612,7.0,2.0,945393.0,37.0,2.553365335512205e-05,39164,0.0429476049433152,0.4488305586763354,0.2257174956592789,0.6501226492232216
종로1.2.3.4가동,343.59,6,11.0,71.69955675117329,8.0,5.0,1910857.0,324.0,0.0002238805970149,13400,0.0304477611940298,0.285820895522388,0.3667164179104477,0.8010090817356206
종로5.6가동,68.434,2,0.0,56.8905939602585,0.0,0.0,370514.0,83.0,0.0001839249586168,10874,0.0393599411440132,0.384587088467905,0.2817730366010668,0.7159977703455964
종암동,13.848,5,0.0,38.686241127532845,6.0,1.0,518366.0,63.0,0.0001053380033181,75946,0.0908540278619018,0.2681905564480025,0.2625813077713111,0.4011107863197895
중계1동,14.719,5,0.0,68.46562604064836,0.0,1.0,228317.0,38.0,7.580639047871735e-05,52766,0.1996361293257021,0.1796232422393207,0.1543418110146685,0.1695637546259953
중계2.3동,14.719,6,0.0,57.32843540903402,0.0,0.0,297539.0,31.0,0.0001366327614999,65870,0.0835585243661758,0.2332776681342037,0.3152269621982693,0.3695985085558292
중계4동,14.719,6,0.0,92.02422710415502,1.0,0.0,212182.0,31.0,0.000103364514962,38698,0.1032094681895705,0.2136544524264819,0.2947955966716626,0.3465238037258005
중계본동,14.719,3,0.0,92.60563768807596,3.0,0.0,175510.0,51.0,0.0001082297934975,46198,0.1826918914238711,0.1997056149616866,0.1812199662323044,0.2214863870493009
중곡1동,14.243,1,0.0,8.130119363012557,3.0,0.0,167257.0,33.0,0.0,30722,0.0444632510904238,0.3855868758544366,0.2518716229412148,0.5621659307459912
중곡2동,14.243,3,0.0,33.40885377126812,4.0,0.0,178643.0,35.0,4.813246053138236e-05,41552,0.0601174432036965,0.3426068540623797,0.2551020408163265,0.4921129687352413
중곡3동,14.243,0,0.0,81.4085039484891,5.0,0.0,130991.0,37.0,0.0001891193342999,31726,0.053331652272584,0.3251591754397024,0.2800857340982159,0.5236142036798312
중곡4동,14.243,0,0.0,16.234481691179926,6.0,0.0,131277.0,44.0,3.5999712002303984e-05,55556,0.0605155158758729,0.2914896680826553,0.2955216358269134,0.4141414141414141
중림동,47.392,4,0.0,52.34050437019241,1.0,0.0,119139.0,35.0,8.375209380234506e-05,23880,0.0591289782244556,0.2737018425460636,0.2637353433835845,0.452233676975945
중앙동,17.205,2,0.0,28.317530506809494,2.0,0.0,369339.0,32.0,6.508298080052066e-05,30730,0.0359258054018874,0.5071265863976571,0.2179629027009437,0.7167821927169774
중화1동,15.673,1,0.0,22.33787262323369,2.0,1.0,174022.0,19.0,0.0001848526460335,37868,0.0627442695679729,0.287419457061371,0.3024189289109538,0.4039557492457258
중화2동,15.673,5,0.0,21.356962157571942,5.0,0.0,274139.0,33.0,4.132914531327492e-05,48392,0.0422797156554802,0.2899239543726236,0.3221193585716647,0.5561477533496187
증산동,13.844,2,0.0,8.83844556402655,3.0,0.0,285107.0,19.0,5.412719891745602e-05,36950,0.0758322056833558,0.2743707713125846,0.2827063599458728,0.3589486858573216
진관동,18.541,16,0.0,27.848658739081923,3.0,2.0,703798.0,114.0,0.0001730659875886,80894,0.1770959527282616,0.3181447326130491,0.3144114520236358,0.3064275037369208
창1동,15.646,8,0.0,64.73658114110606,3.0,0.0,428115.0,25.0,6.198090987975704e-05,48402,0.0799553737448865,0.2578819057063757,0.2884178339738027,0.3800364630811303
창2동,15.646,5,0.0,7.381116010237863,9.0,0.0,239549.0,28.0,3.519515714637666e-05,56826,0.0727483898215605,0.2708971245556611,0.2852215535142364,0.3513836829093229
창3동,15.646,3,0.0,18.04046508846714,4.0,0.0,119671.0,17.0,0.0001497118047758,26718,0.0710382513661202,0.2297327644284751,0.3289916909948349,0.4218312052320149
창4동,15.646,6,0.0,56.16089716663757,0.0,1.0,324833.0,25.0,0.0001158167007682,51806,0.0934254719530556,0.2477319229432884,0.2679226344438868,0.3096648768746528
창5동,15.646,3,0.0,31.225309104967547,2.0,0.0,258266.0,46.0,0.0001457847384205,48016,0.0731006331222925,0.2779490169943352,0.2888203932022659,0.3308321964529331
창신1동,14.146,0,0.0,67.48614578191666,5.0,0.0,177269.0,27.0,0.0002173913043478,9200,0.04,0.2526086956521739,0.3823913043478261,0.5946656649135988
창신2동,14.146,2,0.0,3.158878913959262,4.0,0.0,143058.0,14.0,0.0,15156,0.0459224069675376,0.2484824491950382,0.350488255476379,0.5115057528764382
창신3동,14.146,3,0.0,55.306384019361936,1.0,0.0,22966.0,8.0,0.0001559089491736,12828,0.0678203928905519,0.2737761147489866,0.2984097287184284,0.3394594594594594
천연동,59.24,2,0.0,7.811293401341024,3.0,0.0,345680.0,25.0,5.9916117435590176e-05,33380,0.0768723786698622,0.2536848412222888,0.2823846614739365,0.4038159958180867
천호1동,17.327,5,0.0,230.87600986639063,4.0,0.0,101006.0,29.0,0.0001144776005494,26206,0.0596046706861024,0.2767305197283065,0.3082881782797833,0.4550787280024699
천호2동,17.327,7,0.0,127.44286628736596,3.0,0.0,248044.0,82.0,9.06590915959022e-05,33091,0.0506784322021093,0.3286392070351455,0.2781723127134266,0.5185522422035056
천호3동,17.327,2,0.0,13.207044024306528,8.0,0.0,135795.0,35.0,7.620499142693846e-05,26245,0.0422175652505239,0.3552295675366737,0.2734235092398552,0.5563010098215521
청구동,14.146,1,0.0,30.72077412673289,4.0,0.0,69537.0,14.0,0.0001525087692542,26228,0.0582583498551166,0.2905292054293122,0.3074576788165319,0.4151431807150946
청담동,12.345,5,0.0,76.91700898461771,2.0,0.0,574318.0,79.0,0.0001997922160952,25026,0.0901862063454007,0.2820666506832894,0.2197314792615679,0.3984769244884852
청량리동,14.146,2,0.0,2.330452046589553,7.0,0.0,354577.0,26.0,7.943232366024148e-05,37768,0.0514191908493963,0.2323130692649862,0.3988032196568523,0.5276625172890733
청룡동,17.205,7,1.0,87.75621732385252,5.0,0.0,353374.0,64.0,5.534034311012728e-05,72280,0.0434144991698948,0.5311289429994466,0.1815993359158826,0.7331988140339318
청림동,17.205,0,0.0,127.0444421767885,1.0,0.0,83526.0,10.0,0.0001007590515214,29774,0.0753677705380533,0.2715120574998321,0.2696312218714314,0.3336959900528443
청운효자동,118.479,2,0.0,209.28929823831916,2.0,1.0,234604.0,70.0,0.0001737468508383,23022,0.0972113630440448,0.2578403266440796,0.2566240986882113,0.387714793600632
청파동,75.71,3,0.0,113.97936904125378,2.0,0.0,246504.0,93.0,0.0001050309841403,38084,0.0534082554353534,0.3926583342085915,0.2447221930469488,0.627112581597067
충현동,59.24,1,0.0,34.71764093634118,2.0,0.0,557022.0,66.0,7.58418444736576e-05,39556,0.0629992921427849,0.3263727373849732,0.2548791586611386,0.5123958746529155
평창동,24.822,5,0.0,59.49426160258939,0.0,0.0,220912.0,57.0,2.861066605630579e-05,34952,0.0872625314717326,0.2393568322270542,0.2898832684824903,0.3192678496576778
풍납1동,14.731,2,0.0,29.05633399789017,2.0,1.0,90936.0,17.0,8.275405494869249e-05,24168,0.0598311817279046,0.2500827540549487,0.3379675604104601,0.4145435244161359
풍납2동,14.731,3,0.0,136.4700826439982,0.0,1.0,189182.0,46.0,0.0001040236341696,48066,0.0786002579786127,0.3022510714434319,0.2439146174010735,0.3959187476705181
필동,130.327,1,0.0,177.23063107519584,1.0,2.0,211214.0,75.0,0.0004347826086956,9200,0.0428260869565217,0.3073913043478261,0.2560869565217391,0.6737220447284346
하계1동,15.673,10,0.0,5.607397658988843,0.0,0.0,292399.0,43.0,0.0001127141568981,53232,0.1185001502855425,0.2734069732491734,0.2626991283438533,0.4488968202465931
하계2동,15.673,3,0.0,84.5470877404064,0.0,0.0,184885.0,7.0,9.360228389572704e-05,42734,0.1187812982636776,0.2375157953854074,0.2430851312772031,0.239013671875
한강로동,94.637,5,0.0,102.69232625555992,2.0,1.0,918248.0,179.0,4.722550177095632e-05,42350,0.0472727272727272,0.3860684769775679,0.2206847697756788,0.5388893793590536
한남동,12.345,0,0.0,33.97808262796736,2.0,0.0,746864.0,92.0,5.225752508361204e-05,38272,0.0573265050167224,0.3041387959866221,0.2632734113712374,0.5332800319808115
합정동,16.773,3,0.0,246.9964810382582,0.0,4.0,328807.0,96.0,6.047411707789066e-05,33072,0.0452346395742622,0.4011248185776487,0.2276850507982583,0.5603336221837089
항동,17.357,2,0.0,259.4254693589386,3.0,0.0,85024.0,25.0,0.0001218397806883,16415,0.0874809625342674,0.2786475784343588,0.1994517209869022,0.2675787464206172
행당1동,14.146,0,2.0,163.7906143238641,0.0,0.0,390438.0,53.0,7.293414047115454e-05,27422,0.0726424039092699,0.317628181751878,0.2363066151265407,0.4402224281742354
행당2동,14.146,4,0.0,90.08440740906003,2.0,0.0,175068.0,11.0,6.525711302531976e-05,45972,0.0828765335421561,0.2648133646567476,0.2523710084399199,0.2681872230029186
행운동,17.205,6,0.0,14.121431626713118,7.0,0.0,398139.0,43.0,0.0001029901472759,58258,0.0433245219540663,0.4728964262418895,0.2150434275121013,0.67458976176198
혜화동,71.088,3,0.0,157.12317649266484,3.0,0.0,470420.0,116.0,0.0001245485116452,32116,0.0787146593598206,0.395877444264541,0.2247477892639183,0.6259658287082381
홍은1동,13.844,4,0.0,29.789989343254835,1.0,0.0,213022.0,27.0,6.694635365527091e-05,44812,0.0696242078014817,0.2530125859144871,0.298045166473266,0.354898336414048
홍은2동,13.844,5,0.0,32.04818462022291,0.0,1.0,551429.0,40.0,5.2159399123722096e-05,57516,0.0785172821475763,0.2857291883997496,0.2723416092913276,0.407250755287009
홍제1동,11.848,7,0.0,16.42699790893096,1.0,0.0,431459.0,24.0,0.0001005105938165,49746,0.0733727334861094,0.2688457363406103,0.2788163872472158,0.3698208793197032
홍제2동,11.848,0,0.0,79.5068533775873,0.0,0.0,242604.0,14.0,7.553440592189743e-05,26478,0.0675277588941763,0.2609713724601556,0.309993201903467,0.342753120665742
홍제3동,11.848,4,0.0,17.474265254916833,16.0,1.0,279257.0,29.0,0.0001125492402926,35540,0.0636465953854811,0.2661226786719189,0.3064153066966798,0.3766525318034422
화곡1동,14.838,13,0.0,84.23119511903225,2.0,3.0,614122.0,80.0,6.180928128167726e-05,80894,0.0551338789032561,0.4929413800776324,0.3170816129750043,0.5422248930679769
화곡2동,14.838,3,0.0,69.40253357046907,2.0,0.0,121936.0,18.0,8.650020183380428e-05,34682,0.074101839570959,0.2957730234703881,0.2568479326451762,0.4154955395331785
화곡3동,14.838,5,0.0,7.668980176677608,1.0,0.0,146331.0,41.0,2.346866932644919e-05,42610,0.0750528045059845,0.2940154893217555,0.2902135648908707,0.4017453798767967
화곡4동,14.838,5,0.0,24.1172694163766,8.0,0.0,152200.0,41.0,0.0001253446979192,39890,0.0624216595638004,0.2801203309100025,0.2944597643519679,0.4264721101107316
화곡6동,14.838,5,4.0,40.21835807621099,4.0,2.0,361252.0,35.0,8.041170794467674e-05,49744,0.0591428111933097,0.3558620135091669,0.2548247024766806,0.534622439620911
화곡8동,14.838,6,0.0,33.775559976249426,14.0,1.0,271696.0,37.0,2.102695655830775e-05,47558,0.0603053114092266,0.3172967744648639,0.2774296648303124,0.4509171195652174
화곡본동,14.838,14,0.0,37.72982365284612,5.0,1.0,239559.0,36.0,8.981767012963684e-05,66802,0.0666147720128139,0.3559474267237508,0.2316397712643334,0.5121321631388746
화양동,14.731,0,0.0,271.6961149879529,4.0,1.0,460948.0,123.0,6.402595185248421e-05,46856,0.0319702919583404,0.6425644527915315,0.1393631551989073,0.8262813522355507
황학동,14.146,1,0.0,8.414963688447951,5.0,0.0,123176.0,37.0,0.0,25620,0.0367681498829039,0.4016393442622951,0.2280249804839969,0.5926871891383251
회기동,14.146,1,0.0,209.4652605474116,2.0,0.0,218314.0,81.0,0.0002386407025582,20952,0.0719740358915616,0.4700267277586865,0.1977854142802596,0.706242532855436
회현동,118.479,0,0.0,111.51246875596838,8.0,4.0,1045659.0,144.0,0.0001086956521739,9200,0.045,0.21,0.3854347826086956,0.605868358445678
효창동,18.927,2,0.0,63.85114664547185,1.0,0.0,140945.0,11.0,4.648136097424932e-05,21514,0.0644231663103095,0.3358743143999256,0.2153016640327228,0.3715071972904318
후암동,18.927,2,0.0,83.57303808340332,0.0,1.0,176879.0,29.0,9.289076046569234e-05,32296,0.0683675997027495,0.3113698290810007,0.2651721575427297,0.513595166163142
휘경1동,14.243,1,0.0,24.69499773826693,0.0,0.0,402280.0,35.0,3.5963461123498524e-05,27806,0.0587642954757965,0.4189023951665108,0.217435085952672,0.5988155014806231
휘경2동,14.243,4,0.0,18.20829052501077,1.0,0.0,227224.0,38.0,0.0001023876807142,48834,0.0806405373305483,0.3660564360896097,0.2360650366547897,0.5379736924522392
흑석동,17.205,6,0.0,23.902442103105777,8.0,1.0,502230.0,50.0,0.00015063265716,59748,0.0763874941420633,0.2849969873468568,0.2416482560085693,0.3684371417653802
