호선,역명,승하차인원,도로명주소,행정동,위도,경도
1호선,가산디지털단지,30237.3871,서울특별시 금천구 벚꽃로 309,가산동,37.48159574,126.8825595
1호선,개봉,39098.19355,서울특별시 구로구 경인로40길 47,개봉2동,37.49452225,126.8591026
1호선,광운대,13365.0,서울특별시 노원구 석계로 98-2,월계1동,37.62303356,127.0617635
1호선,구로,32283.70968,서울특별시 구로구 구로중앙로 174,구로5동,37.50243451,126.8814916
1호선,구일,14198.16129,서울특별시 구로구 구일로 133,구로1동,37.49639118,126.8699204
1호선,금천구청,19637.12903,서울특별시 금천구 시흥대로 63길 91,시흥1동,37.45560998,126.8945141
1호선,남영,17605.12903,서울특별시 용산구 한강대로77길 25,남영동,37.5405646,126.9713324
1호선,노량진,14769.83871,서울특별시 동작구 노량진로 151,노량진1동,37.51580267,126.9483592
1호선,녹천,7466.903226,서울특별시 도봉구 덕릉로 376,창1동,37.64569591,127.05092
1호선,대방,19027.77419,서울특별시 영등포구 여의대방로 300,신길7동,37.51332546,126.926303
1호선,도봉,10599.41935,서울특별시 도봉구 도봉로 170길 2,도봉2동,37.68036291,127.045764
1호선,도봉산,12019.93548,서울특별시 도봉구 도봉로 964-33,도봉2동,37.68980066,127.0462013
1호선,독산,30940.8,서울특별시 금천구 벚꽃로 115,가산동,37.46598732,126.8895142
1호선,동대문,20957.96774,서울특별시 종로구 종로 지하302,창신2동,37.57177757,127.0111671
1호선,동묘앞,17503.70968,서울특별시 종로구 종로 359,숭인1동,37.57337221,127.0167512
1호선,방학,17540.80645,서울특별시 도봉구 도봉로 150다길 3,방학1동,37.66634904,127.0444247
1호선,서울역,105685.5806,서울특별시 중구 세종대로 지하2,회현동,37.55715948,126.9725546
1호선,석계,14637.09677,서울특별시 노원구 화랑로 341,월계1동,37.61530594,127.0656473
1호선,시청,46879.74194,서울특별시 중구 세종대로 지하101,소공동,37.56543852,126.9769832
1호선,신길,14376.51613,서울특별시 영등포구 영등포로 327,영등포본동,37.51703185,126.9172249
1호선,신도림,6875.612903,서울특별시 구로구 새마로 지하 117-21,신도림동,37.508739,126.891109
1호선,신설동,24690.64516,서울특별시 동대문구 왕산로 지하1,용신동,37.5747188,127.0250937
1호선,신이문,14650.3871,서울특별시 동대문구 한천로 472,이문2동,37.60427864,127.0695773
1호선,영등포,80910.06452,서울특별시 영등포구 경인로 846,영등포본동,37.51566803,126.907666
1호선,오류동,20346.48387,서울특별시 구로구 경인로 20길 13,오류1동,37.49435919,126.8446007
1호선,온수,11037.29032,서울특별시 구로구 부일로 872,수궁동,37.49247392,126.8240386
1호선,외대앞,14913.35484,서울특별시 동대문구 휘경로 27,이문2동,37.59541368,127.0630588
1호선,용산,82795.22581,서울특별시 용산구 한강대로23길 55,한강로동,37.5297718,126.9647415
1호선,월계,10975.64516,서울특별시 노원구 월계로53길 40,월계2동,37.63210894,127.0587294
1호선,제기동,31471.32258,서울특별시 동대문구 왕산로 지하93,제기동,37.57819673,127.0346906
1호선,종각,70154.16129,서울특별시 종로구 종로 지하55,종로1.2.3.4가동,37.57021404,126.9832397
1호선,종로3가,44543.70968,서울특별시 종로구 종로 지하129,종로1.2.3.4가동,37.5704266,126.9920293
1호선,종로5가,44928.3871,서울특별시 종로구 종로 지하216,종로5.6가동,37.57090754,127.0019166
1호선,창동,1.166666667,서울특별시 도봉구 마들로11길 77,창5동,37.65320848,127.0476838
1호선,청량리,71665.61291,서울특별시 동대문구 왕산로 지하205,청량리동,37.58023316,127.0450859
2호선,강남,144722.4194,서울특별시 강남구 강남대로 지하396,역삼1동,37.49816465,127.0283079
2호선,강변,57411.22581,서울특별시 광진구 강변역로 53,구의3동,37.53516928,127.0946646
2호선,건대입구,68336.90323,서울특별시 광진구 아차산로 243,화양동,37.54041889,127.0691733
2호선,교대,59352.83871,서울특별시 서초구 서초대로 지하294,서초1동,37.49281786,127.0138385
2호선,구로디지털단지,102658.9032,서울특별시 구로구 도림천로 477,구로3동,37.48531492,126.9014944
2호선,구의,43448.87097,서울특별시 광진구 아차산로 384-1,자양2동,37.53715356,127.0861792
2호선,낙성대,49873.6129,서울특별시 관악구 남부순환로 지하1928,행운동,37.47706518,126.96341
2호선,당산,34359.0,서울특별시 영등포구 당산로 229,당산2동,37.53495687,126.9027307
2호선,대림,44152.45161,서울특별시 구로구 도림천로 351,구로4동,37.49331059,126.8949462
2호선,도림천,2431.290323,서울특별시 구로구 경인로67길 160,신도림동,37.51444205,126.8827026
2호선,동대문역사문화공원,28212.54839,서울특별시 중구 을지로 지하279,광희동,37.56558952,127.0091315
2호선,뚝섬,44044.41935,서울특별시 성동구 아차산로 18,성수1가2동,37.54718822,127.0473652
2호선,문래,39677.90323,서울특별시 영등포구 당산로 지하28,문래동,37.51792146,126.8947631
2호선,방배,28013.6129,서울특별시 서초구 방배로 지하80,방배3동,37.48143649,126.9976949
2호선,봉천,42426.96774,서울특별시 관악구 남부순환로 지하1721,은천동,37.48255622,126.9414953
2호선,사당,74859.41935,서울특별시 동작구 남부순환로 지하2089,남현동,37.47652283,126.9814089
2호선,삼성,103420.871,서울특별시 강남구 테헤란로 지하538,삼성1동,37.508862,127.063073
2호선,상왕십리,25658.25806,서울특별시 성동구 왕십리로 지하374,왕십리2동,37.56446871,127.0290312
2호선,서초,38565.41935,서울특별시 서초구 서초대로 지하233,서초3동,37.491823,127.0075808
2호선,선릉,94256.0,서울특별시 강남구 테헤란로 지하340,삼성2동,37.50450288,127.0489425
2호선,성수,74413.77419,서울특별시 성동구 아차산로 100,성수2가3동,37.5445024,127.0560905
2호선,시청,44742.41935,서울특별시 중구 서소문로 지하127,소공동,37.56357935,126.9753894
2호선,신답,3083.451613,서울특별시 성동구 천호대로 232,용답동,37.56999106,127.0468202
2호선,신당,27303.96774,서울특별시 중구 퇴계로 지하431-1,황학동,37.56565403,127.0195406
2호선,신대방,46205.3871,서울특별시 동작구 대림로 2,신대방1동,37.48757597,126.9131756
2호선,신도림,90031.48387,서울특별시 구로구 새말로 지하 117-21,신도림동,37.50877014,126.8910805
2호선,신림,97537.03226,서울특별시 관악구 남부순환로 지하1614,신림동,37.48421761,126.9298033
2호선,신설동,6625.806452,서울특별시 동대문구 왕산로 지하 1,용신동,37.5747188,127.0250937
2호선,신정네거리,18723.80645,서울특별시 양천구 중앙로 지하261,신정3동,37.51979753,126.8529916
2호선,신촌,69387.22581,서울특별시 마포구 신촌로 지하90,신촌동,37.55544179,126.9361192
2호선,아현,18886.77419,서울특별시 마포구 신촌로 지하270,아현동,37.55735757,126.9560337
2호선,양천구청,12398.45161,서울특별시 양천구 목동로3길 지하33,신정7동,37.51269894,126.8660652
2호선,역삼,95211.96774,서울특별시 강남구 테헤란로 지하156,역삼1동,37.50071627,127.0366182
2호선,영등포구청,38084.03226,서울특별시 영등포구 당산로 지하121,당산1동,37.52569966,126.8966269
2호선,왕십리,26601.19355,서울특별시 성동구 왕십리로 지하300,행당1동,37.56122174,127.0366554
2호선,용답,5004.870968,서울특별시 성동구 용답길 86,사근동,37.56200491,127.0507293
2호선,용두,4459.0,서울특별시 동대문구 천호대로 지하129,용신동,37.57393805,127.0380311
2호선,을지로3가,44261.06452,서울특별시 중구 을지로 지하106,을지로동,37.56626595,126.9903084
2호선,을지로4가,25277.45161,서울특별시 중구 을지로 지하178,을지로동,37.56663699,126.9978528
2호선,을지로입구,87918.83871,서울특별시 중구 을지로 지하42,명동,37.56605095,126.9823729
2호선,이대,27641.58065,서울특별시 마포구 신촌로 지하180,대흥동,37.55679801,126.9457582
2호선,잠실,146200.3226,서울특별시 송파구 올림픽로 지하265,잠실6동,37.51385928,127.1018579
2호선,잠실나루,26169.48387,서울특별시 송파구 오금로 20,잠실6동,37.52068673,127.1038111
2호선,잠실새내,42316.25806,서울특별시 송파구 올림픽로 지하140,잠실3동,37.51156721,127.0863739
2호선,종합운동장,22587.90323,서울특별시 송파구 올림픽로 지하23,잠실7동,37.51096927,127.073356
2호선,충정로,18352.93548,서울특별시 서대문구 서소문로 지하17,충현동,37.5598378,126.964474
2호선,한양대,14219.25806,서울특별시 성동구 왕십리로 206,사근동,37.55557788,127.0435845
2호선,합정,64123.16129,서울특별시 마포구 양화로 지하55,서교동,37.55011521,126.9146382
2호선,홍대입구,136226.871,서울특별시 마포구 양화로 지하160,서교동,37.55689041,126.9236743
3호선,가락시장,15889.87097,서울특별시 송파구 송파대로 지하257,가락1동,37.49274403,127.1184857
3호선,경복궁,42186.93548,서울특별시 종로구 사직로 지하130,사직동,37.5758613,126.9730627
3호선,경찰병원,13256.22581,서울특별시 송파구 중대로 지하149,가락본동,37.49560314,127.1240678
3호선,고속터미널,89744.93548,서울특별시 서초구 신반포로 지하188,반포4동,37.50492674,127.0049499
3호선,교대,22812.22581,서울특별시 서초구 서초대로 지하294,서초1동,37.49281786,127.0138385
3호선,구파발,39630.29032,서울특별시 은평구 진관2로 지하15-25,진관동,37.63684179,126.9187454
3호선,금호,14031.03226,서울특별시 성동구 동호로 지하104,금호4가동,37.54811252,127.0158938
3호선,남부터미널,53367.96774,서울특별시 서초구 서초중앙로 지하31,서초1동,37.48514017,127.0162071
3호선,녹번,26786.83871,서울특별시 은평구 통일로 지하602-1,녹번동,37.60074218,126.9360194
3호선,대청,18274.03226,서울특별시 강남구 일원로 지하2,개포3동,37.49372186,127.0794936
3호선,대치,22882.51613,서울특별시 강남구 남부순환로 지하2952,대치2동,37.49456276,127.0634302
3호선,도곡,8872.225806,서울특별시 강남구 남부순환로 지하2814,도곡2동,37.49086477,127.0553234
3호선,독립문,13795.06452,서울특별시 서대문구 통일로 지하247,천연동,37.57441036,126.9577503
3호선,동대입구,16610.19355,서울특별시 중구 동호로 지하256,장충동,37.55903022,127.0054602
3호선,매봉,21489.58065,서울특별시 강남구 남부순환로 지하2744,도곡1동,37.48696113,127.0466146
3호선,무악재,7888.193548,서울특별시 서대문구 통일로 지하361,홍제2동,37.58238415,126.9503221
3호선,불광,31339.93548,서울특별시 은평구 통일로 지하723-1,대조동,37.61020726,126.9299858
3호선,수서,34140.87097,서울특별시 강남구 광평로 지하270,수서동,37.48738899,127.1018592
3호선,신사,51845.74194,서울특별시 강남구 도산대로 지하102,논현1동,37.51643246,127.0203269
3호선,안국,46805.09677,서울특별시 종로구 율곡로 지하62,종로1.2.3.4가동,37.57672037,126.985823
3호선,압구정,59524.64516,서울특별시 강남구 압구정로 지하172,신사동(강남구),37.52643082,127.0284809
3호선,약수,23480.16129,서울특별시 중구 다산로 지하122,약수동,37.55455956,127.0108225
3호선,양재,66469.54839,서울특별시 서초구 남부순환로 지하2585,양재1동,37.48393473,127.0345442
3호선,연신내,62203.51613,서울특별시 은평구 통일로 지하849,불광2동,37.618962,126.9211621
3호선,오금,11130.09677,서울특별시 송파구 오금로 지하321,오금동,37.50226598,127.1278792
3호선,옥수,16313.58065,서울특별시 성동구 동호로 21,옥수동,37.54098777,127.0189654
3호선,을지로3가,20922.45161,서울특별시 중구 을지로 지하129,을지로동,37.56627504,126.99265
3호선,일원,19222.54839,서울특별시 강남구 일원로 지하121,일원본동,37.48407358,127.0844518
3호선,잠원,8712.741935,서울특별시 서초구 잠원로4길 지하46,잠원동,37.51279911,127.0112202
3호선,종로3가,20480.0,서울특별시 종로구 돈화문로 지하30,종로1.2.3.4가동,37.57114028,126.9919944
3호선,충무로,3.4,서울특별시 중구 퇴계로 지하214,필동,37.5612891,126.9942074
3호선,학여울,5286.0,서울특별시 강남구 남부순환로 지하3104,대치2동,37.49671719,127.071719
3호선,홍제,31394.03226,서울특별시 서대문구 통일로 지하440-1,홍제3동,37.58871037,126.9442423
4호선,길음,36823.93548,서울특별시 성북구 동소문로 지하248,길음1동,37.60318391,127.0248232
4호선,남태령,2442.580645,서울특별시 서초구 과천대로 지하816,방배2동,37.46485756,126.9886565
4호선,노원,37351.06452,서울특별시 노원구 상계로 69-1,상계2동,37.65626778,127.0630304
4호선,당고개,16731.29032,서울특별시 노원구 상계로 305,상계3.4동,37.67029264,127.0790112
4호선,동대문,35180.35484,서울특별시 종로구 율곡로 지하308,종로5.6가동,37.57041171,127.0095466
4호선,동대문역사문화공원,32387.32258,서울특별시 중구 장충단로 지하230,광희동,37.56507877,127.0075507
4호선,동작,2499.129032,서울특별시 동작구 현충로 257,사당2동,37.50287037,126.9802684
4호선,명동,61429.32258,서울특별시 중구 퇴계로 지하126,명동,37.56091008,126.985947
4호선,미아,26861.67742,서울특별시 강북구 도봉로 지하198,미아동,37.62644364,127.0261034
4호선,미아사거리,48175.22581,서울특별시 강북구 도봉로 지하50,송중동,37.61328611,127.0300984
4호선,사당,45117.80645,서울특별시 동작구  동작대로 지하3,사당1동,37.47686327,126.9815951
4호선,삼각지,12013.54839,서울특별시 용산구 한강대로 지하180,한강로동,37.53459371,126.973011
4호선,상계,33851.25806,서울특별시 노원구 상계로 182,상계5동,37.66090389,127.0735754
4호선,서울역,30975.16129,서울특별시 용산구 한강대로 지하392,남영동,37.55320002,126.9728055
4호선,성신여대입구,36574.03226,서울특별시 성북구 동소문로 지하102,삼선동,37.59271793,127.0164776
4호선,수유,62048.93548,서울특별시 강북구 도봉로 지하338,수유3동,37.63774523,127.0253569
4호선,숙대입구,24800.54839,서울특별시 용산구 한강대로 지하306,남영동,37.54519398,126.9718724
4호선,신용산,36877.03226,서울특별시 용산구 한강대로 지하112,한강로동,37.52961556,126.9682159
4호선,쌍문,50509.0,서울특별시 도봉구 도봉로 지하 486-1,창1동,37.64884986,127.0348807
4호선,이촌,20717.32258,서울특별시 용산구 서빙고로 지하83,한강로동,37.52252025,126.9736832
4호선,창동,47287.45161,서울특별시 도봉구 마들로11길 77,창5동,37.65320848,127.0476838
4호선,총신대입구,35504.19355,서울특별시 동작구 동작대로 지하117,사당2동,37.48755383,126.9821997
4호선,충무로,51638.0,서울특별시 중구 퇴계로 지하214,필동,37.5612891,126.9942074
4호선,한성대입구,24099.74194,서울특별시 성북구 삼선교로 지하1,삼선동,37.58839488,127.0059503
4호선,혜화,67762.45161,서울특별시 종로구 대학로 지하120,이화동,37.58180362,127.0019784
4호선,회현,47031.80645,서울특별시 중구 퇴계로 지하54,회현동,37.55853532,126.9782391
5호선,강동,32499.19355,서울특별시 강동구 천호대로 지하1097,성내2동,37.53552051,127.1335296
5호선,강일,9518.967742,서울특별시 강동구 고덕로 지하456,상일2동,37.5575266,127.175938
5호선,개롱,11949.22581,서울특별시 송파구 오금로 지하402,가락2동,37.49781466,127.1351586
5호선,개화산,10380.32258,서울특별시 강서구 양천로 22,방화2동,37.57227002,126.8060017
5호선,거여,17795.87097,서울특별시 송파구 오금로 지하499,거여1동,37.49320733,127.1440323
5호선,고덕,17940.93548,서울특별시 강동구 고덕로 지하253,고덕1동,37.55504732,127.1539494
5호선,공덕,25644.06452,서울특별시 마포구 마포대로 지하100,아현동,37.54452679,126.9513638
5호선,광나루,23727.6129,서울특별시 광진구 아차산로 지하571,광장동,37.54527866,127.1036865
5호선,광화문,60206.83871,서울특별시 종로구 세종대로 지하172,사직동,37.57162282,126.976788
5호선,군자,21986.80645,서울특별시 광진구 천호대로 지하550,중곡1동,37.55736319,127.0790173
5호선,굽은다리,17601.93548,서울특별시 강동구 양재대로 지하1572,명일1동,37.54573147,127.1429708
5호선,길동,15244.74194,서울특별시 강동구 양재대로 지하1480,길동,37.53781156,127.1399992
5호선,까치산,50557.25806,서울특별시 강서구 강서로 지하54,화곡8동,37.53195608,126.8466116
5호선,답십리,27016.22581,서울특별시 성동구 천호대로 지하300,용답동,37.56644583,127.053181
5호선,동대문역사문화공원,6125.645161,서울특별시 중구 마른내로 지하162,광희동,37.56457701,127.0059162
5호선,둔촌동,15973.32258,서울특별시 강동구 양재대로 지하1369,성내3동,37.52764137,127.1361903
5호선,마곡,20383.32258,서울특별시 강서구 공항대로 지하163,공항동,37.56019845,126.825548
5호선,마장,10029.25806,서울특별시 성동구 마장로 지하296,마장동,37.56628278,127.0431634
5호선,마천,12862.45161,서울특별시 송파구 마천로57길 지하7,마천1동,37.49467062,127.1523206
5호선,마포,26225.77419,서울특별시 마포구 마포대로 지하33,용강동,37.53958379,126.9459204
5호선,명일,16202.06452,서울특별시 강동구 양재대로 지하1632,명일1동,37.55126028,127.1440009
5호선,목동,30704.12903,서울특별시 양천구 오목로 지하245,목1동,37.52619868,126.8647426
5호선,발산,39920.83871,서울특별시 강서구 공항대로 지하267,가양1동,37.55902927,126.8373108
5호선,방이,13554.32258,서울특별시 송파구 양재대로 지하1127,방이1동,37.50855645,127.1258547
5호선,방화,12476.64516,서울특별시 강서구 금낭화로 지하132,방화3동,37.57700311,126.8126299
5호선,상일동,25152.87097,서울특별시 강동구 고덕로 지하359,상일1동,37.55666438,127.1658292
5호선,서대문,34086.77419,서울특별시 종로구 통일로 지하126,충현동,37.56585627,126.9666374
5호선,송정,11423.32258,서울특별시 강서구 공항대로 지하33,공항동,37.56147755,126.8110554
5호선,신금호,11721.6129,서울특별시 성동구 금호로 지하154,금호2.3가동,37.55453249,127.0200641
5호선,신길,8576.129032,서울특별시 영등포구 경인로114가길 지하9,영등포동,37.5176677,126.9143369
5호선,신정,22233.74194,서울특별시 양천구 오목로 지하179,신정4동,37.52521079,126.8572904
5호선,아차산,26002.25806,서울특별시 광진구 천호대로 지하657,능동,37.55240114,127.0893706
5호선,애오개,11917.45161,서울특별시 마포구 마포대로 지하210,아현동,37.5533624,126.9566133
5호선,여의나루,26126.83871,서울특별시 영등포구 여의동로 지하343,여의동,37.52708516,126.932864
5호선,여의도,53136.09677,서울특별시 영등포구 여의나루로 지하40,여의동,37.5218423,126.9244847
5호선,영등포구청,7702.935484,서울특별시 영등포구 양산로 지하116,당산1동,37.52422661,126.8952891
5호선,영등포시장,20329.58065,서울특별시 영등포구 양산로 지하200,영등포동,37.52273452,126.9049592
5호선,오금,6465.580645,서울특별시 송파구 오금로 지하321,오금동,37.50226598,127.1278792
5호선,오목교,40510.6129,서울특별시 양천구 오목로 지하342,목1동,37.52445007,126.8753546
5호선,올림픽공원,8879.483871,서울특별시 송파구 양재대로 지하1233,오륜동,37.51608765,127.1306001
5호선,왕십리,8993.451613,서울특별시 성동구 왕십리로 지하300,행당1동,37.56122174,127.0366554
5호선,우장산,26260.77419,서울특별시 강서구 강서로 지하262,우장산동,37.5490002,126.8364089
5호선,을지로4가,11528.70968,서울특별시 중구 창경궁로 지하51,을지로동,37.56752502,126.9980596
5호선,장한평,33791.6129,서울특별시 동대문구 천호대로 지하405,장안1동,37.56150268,127.0644211
5호선,종로3가,27253.41935,서울특별시 종로구 돈화문로11길 지하 26,종로1.2.3.4가동,37.57256956,126.9900617
5호선,천호,35482.32258,서울특별시 강동구 천호대로 지하997,성내2동,37.53857898,127.1237424
5호선,청구,6794.645161,서울특별시 중구 청구로 지하77,신당동,37.56029391,127.013806
5호선,충정로,8048.516129,서울특별시 서대문구 충정로 지하 28-1,충현동,37.56099344,126.9633733
5호선,행당,13870.58065,서울특별시 성동구 행당로 지하89,행당2동,37.55727844,127.029232
5호선,화곡,49750.3871,서울특별시 강서구 화곡로 지하168,화곡1동,37.54143362,126.8404965
6호선,고려대,14512.70968,서울특별시 성북구 종암로 지하1,종암동,37.59064969,127.0362849
6호선,공덕,32883.12903,서울특별시 마포구 백범로 지하200,공덕동,37.54352692,126.9519476
6호선,광흥창,16543.0,서울특별시 마포구 독막로 지하165,서강동,37.54748607,126.9319392
6호선,구산,12792.67742,서울특별시 은평구 연서로 지하137-1,구산동,37.61121222,126.9171824
6호선,녹사평,9275.193548,서울특별시 용산구 녹사평대로 지하195,용산2가동,37.53483142,126.9870285
6호선,대흥,15766.67742,서울특별시 마포구 대흥로 지하85,대흥동,37.54766835,126.9424653
6호선,독바위,5277.387097,서울특별시 은평구 불광로 지하129-1,불광1동,37.61839888,126.9328101
6호선,돌곶이,17326.70968,서울특별시 성북구 화랑로 지하243,장위2동,37.6105507,127.0564252
6호선,동묘앞,15204.77419,서울특별시 종로구 지봉로 지하24,창신1동,37.57220052,127.0156781
6호선,디지털미디어시티,26795.16129,서울특별시 은평구 수색로 지하175,증산동,37.57716144,126.9019286
6호선,마포구청,24562.22581,서울특별시 마포구 월드컵로 지하190,성산2동,37.56342631,126.903357
6호선,망원,28188.54839,서울특별시 마포구 월드컵로 지하77,서교동,37.55605729,126.9100339
6호선,버티고개,3941.322581,서울특별시 중구 다산로 지하38,약수동,37.54804184,127.007085
6호선,보문,13364.70968,서울특별시 성북구 보문로 지하116,보문동,37.58532772,127.019387
6호선,봉화산,15380.96774,서울특별시 중랑구 신내로 지하232,신내2동,37.61765376,127.0907581
6호선,불광,8742.935484,서울특별시 은평구 통일로 지하723-1,대조동,37.61020726,126.9299858
6호선,삼각지,12598.0,서울특별시 용산구 한강대로 지하185,한강로동,37.53564505,126.9740805
6호선,상수,19793.03226,서울특별시 마포구 독막로 지하85,서강동,37.54777167,126.9224099
6호선,상월곡,10977.64516,서울특별시 성북구 화랑로 지하157,월곡2동,37.60626414,127.0483266
6호선,새절,21895.48387,서울특별시 은평구 증산로 지하400,신사2동,37.59182705,126.913912
6호선,석계,22140.35484,서울특별시 노원구 화랑로 지하 347-1,월계3동,37.61504808,127.0661184
6호선,신내,1.0,서울특별시 중랑구 용마산로136길 33 신내차량기지,망우본동,37.61009453,127.110258
6호선,신당,16073.41935,서울특별시 중구 다산로 지하260,신당동,37.56627389,127.0161535
6호선,안암,19205.64516,서울특별시 성북구 고려대로 지하89,안암동,37.58628048,127.029213
6호선,약수,6840.741935,서울특별시 중구 다산로 지하115,다산동,37.55389144,127.0101205
6호선,역촌,7978.903226,서울특별시 은평구 서오릉로 지하63,녹번동,37.60603905,126.9229679
6호선,연신내,3.444444444,서울특별시 은평구 통일로 지하849,불광2동,37.618962,126.9211621
6호선,월곡,20315.06452,서울특별시 성북구 월곡로 지하107,월곡2동,37.60142105,127.0411848
6호선,월드컵경기장,10639.70968,서울특별시 마포구 월드컵로 지하240,성산2동,37.56994257,126.8990333
6호선,응암,31703.29032,서울특별시 은평구 증산로 지하477,신사1동,37.59874233,126.9155128
6호선,이태원,23079.22581,서울특별시 용산구 이태원로 지하177,이태원1동,37.53448328,126.9937217
6호선,증산,17942.25806,서울특별시 은평구 증산로 지하306,증산동,37.58419548,126.9100576
6호선,창신,5714.0,서울특별시 종로구 지봉로 지하112,창신3동,37.58001689,127.0152112
6호선,청구,6883.677419,서울특별시 중구 청구로 지하77,신당동,37.56029391,127.013806
6호선,태릉입구,10487.58065,서울특별시 노원구 동일로 지하 992-1,공릉1동,37.61851378,127.0753684
6호선,한강진,18733.87097,서울특별시 용산구 이태원로 지하287,한남동,37.54029515,127.0017483
6호선,합정,25627.32258,서울특별시 마포구 양화로 지하45,합정동,37.54925919,126.9131909
6호선,화랑대,17648.83871,서울특별시 노원구 화랑로 지하510,공릉2동,37.61989439,127.0837446
6호선,효창공원앞,12220.51613,서울특별시 용산구 백범로 지하287,효창동,37.53937664,126.9612584
7호선,가산디지털단지,74254.29032,서울특별시 금천구 벚꽃로 309,가산동,37.48159574,126.8825595
7호선,강남구청,30486.32258,서울특별시 강남구 학동로 지하346,삼성2동,37.51718924,127.0413014
7호선,건대입구,25623.45161,서울특별시 광진구 능동로 지하110,화양동,37.54084161,127.0710464
7호선,고속터미널,30058.06452,서울특별시 서초구 신반포로 지하188,반포4동,37.50492674,127.0049499
7호선,공릉,21001.83871,서울특별시 노원구 동일로 지하1074,공릉1동,37.62547692,127.0730052
7호선,군자,24791.12903,서울특별시 광진구 천호대로 지하550,중곡1동,37.55736319,127.0790173
7호선,남구로,27569.51613,서울특별시 구로구 도림로 지하7,구로3동,37.48616184,126.887341
7호선,남성,20065.51613,서울특별시 동작구 사당로 지하218,사당4동,37.48444339,126.9717061
7호선,내방,25706.22581,서울특별시 서초구 서초대로 지하103,방배1동,37.48753353,126.9931903
7호선,노원,38255.58065,서울특별시 노원구 동일로 지하1409,상계2동,37.65469472,127.0605174
7호선,논현,31479.3871,서울특별시 강남구 학동로 지하102,논현1동,37.51119883,127.0216579
7호선,대림,16827.45161,서울특별시 영등포구 도림로 지하137,대림3동,37.49274307,126.8966118
7호선,도봉산,17609.77419,서울특별시 도봉구 도봉로 964-40,도봉2동,37.68912056,127.0465288
7호선,뚝섬유원지,16586.83871,서울특별시 광진구 능동로 10,자양3동,37.53158626,127.0667177
7호선,마들,22858.45161,서울특별시 노원구 동일로 지하1530-1,상계8동,37.66508643,127.0576877
7호선,먹골,18571.58065,서울특별시 중랑구 동일로 지하901,묵1동,37.61062506,127.0777648
7호선,면목,26537.90323,서울특별시 중랑구 면목로 지하407,면목본동,37.5883849,127.0875678
7호선,반포,10972.51613,서울특별시 서초구 신반포로 지하241,반포1동,37.50812639,127.011497
7호선,보라매,12507.32258,서울특별시 동작구 상도로 지하2,대방동,37.49991005,126.9204894
7호선,사가정,29182.19355,서울특별시 중랑구 사가정로 지하393,면목3.8동,37.58079455,127.0884391
7호선,상도,20028.51613,서울특별시 동작구 상도로 지하272,상도1동,37.50320805,126.9477004
7호선,상봉,30549.29032,서울특별시 중랑구 망우로 297,상봉1동,37.59670933,127.0857418
7호선,수락산,23344.35484,서울특별시 노원구 동일로 지하1662,상계1동,37.67762594,127.0553746
7호선,숭실대입구,22103.48387,서울특별시 동작구 상도로 지하378,상도1동,37.49581433,126.9540602
7호선,신대방삼거리,26598.25806,서울특별시 동작구 상도로 지하76,대방동,37.49972183,126.928223
7호선,신풍,19923.6129,서울특별시 영등포구 신풍로 지하27,신길6동,37.5001172,126.9098417
7호선,어린이대공원,23987.93548,서울특별시 광진구 능동로 지하210,능동,37.5478712,127.0745499
7호선,온수,16482.25806,서울특별시 구로구 경인로3길 지하64,수궁동,37.49215028,126.8233807
7호선,용마산,10562.87097,서울특별시 중랑구 용마산로 지하227,면목4동,37.57403021,127.0870381
7호선,이수,28550.41935,서울특별시 동작구 사당로 지하310,사당1동,37.48501514,126.9810218
7호선,장승배기,16686.87097,서울특별시 동작구 상도로 지하188,상도2동,37.5046658,126.9387444
7호선,중계,24973.54839,서울특별시 노원구 동일로 지하1308-1,중계2.3동,37.64489068,127.0642467
7호선,중곡,18967.25806,서울특별시 광진구 능동로 지하417,중곡3동,37.56552588,127.0840724
7호선,중화,19109.80645,서울특별시 중랑구 동일로 지하797,중화1동,37.6015797,127.0794692
7호선,천왕,19983.74194,서울특별시 구로구 오리로 지하1154,오류2동,37.48682194,126.8387137
7호선,청담,34794.93548,서울특별시 강남구 학동로 지하508,삼성1동,37.51945853,127.0537671
7호선,태릉입구,15301.77419,서울특별시 노원구 동일로 지하 992-1,공릉1동,37.61851378,127.0753684
7호선,하계,31141.03226,서울특별시 노원구 동일로 지하1196,하계2동,37.63645212,127.0679885
7호선,학동,42029.77419,서울특별시 강남구 학동로 지하180,논현2동,37.51420643,127.0314638
8호선,가락시장,14499.45161,서울특별시 송파구 송파대로 지하257,가락1동,37.49274403,127.1184857
8호선,강동구청,18787.12903,서울특별시 강동구 올림픽로 지하550,성내1동,37.53067409,127.1205761
8호선,몽촌토성,11838.93548,서울특별시 송파구 올림픽로 지하383,잠실4동,37.51762363,127.1124299
8호선,문정,36927.3871,서울특별시 송파구 송파대로 지하179,문정2동,37.48626182,127.1222903
8호선,복정,14845.96057,서울특별시 송파구 송파대로 지하6,위례동,37.471056,127.1267712
8호선,석촌,15593.09677,서울특별시 송파구 송파대로 지하439,석촌동,37.50594964,127.1063453
8호선,송파,16759.6129,서울특별시 송파구 송파대로 지하354,가락1동,37.49968667,127.1121799
8호선,암사,31929.32258,서울특별시 강동구 올림픽로 지하776,암사1동,37.55014034,127.1275402
8호선,잠실,32861.0,서울특별시 송파구 올림픽로 305,잠실6동,37.51497717,127.1042164
8호선,장지,30138.0,서울특별시 송파구 송파대로 지하82,문정2동,37.47811921,127.1264242
8호선,천호,29261.25806,서울특별시 강동구 천호대로 지하997,성내2동,37.53857898,127.1237424
9호선,가양,39354.51613,서울특별시 강서구 양천로 485,가양2동,37.56155426,126.8543883
9호선,개화,4212.064516,서울특별시 강서구 개화동로 8길 38,방화2동,37.57916644,126.7980723
9호선,고속터미널,33747.09677,서울특별시 서초구 신반포로 188,반포4동,37.50492674,127.0049499
9호선,구반포,1891.903226,서울특별시 서초구 신반포로 17,반포본동,37.50144982,126.9873749
9호선,국회의사당,30022.64516,서울특별시 영등포구 국회대로 758,여의동,37.52806743,126.9178855
9호선,노들,8027.032258,서울특별시 동작구 노량진로 238,노량진1동,37.51277879,126.9530641
9호선,노량진,46338.87097,서울특별시 동작구 노량진로 130,노량진1동,37.51357356,126.9408265
9호선,당산,35303.16129,서울특별시 영등포구 양평로 40,당산2동,37.53374059,126.9021715
9호선,동작,2949.709677,서울특별시 동작구 현충로 220,사당2동,37.503067,126.9779371
9호선,둔촌오륜,1953.451613,서울특별시 강동구 강동대로 지하303,둔촌1동,37.51942425,127.1384273
9호선,등촌,21058.35484,서울특별시 강서구 공항대로 529,등촌1동,37.55111714,126.86495
9호선,마곡나루,23367.12903,서울특별시 강서구 마곡중앙5로 2,가양1동,37.56679303,126.8275182
9호선,봉은사,42266.87097,서울특별시 강남구 봉은사로 지하601,삼성1동,37.51436062,127.0608919
9호선,사평,7051.516129,서울특별시 서초구 사평대로 285,반포1동,37.5041589,127.0154342
9호선,삼성중앙,14181.35484,서울특별시 강남구 봉은사로 지하501,삼성2동,37.51288303,127.0527057
9호선,삼전,13359.35484,서울특별시 송파구 백제고분로 지하189,삼전동,37.50450191,127.0874456
9호선,샛강,11277.74194,서울특별시 영등포구 의사당대로 166,여의동,37.5166297,126.9290797
9호선,석촌,15994.74194,서울특별시 송파구 송파대로 지하439,석촌동,37.50594964,127.1063453
9호선,석촌고분,12578.29032,서울특별시 송파구 백제고분로 지하274,삼전동,37.50247032,127.0967037
9호선,선유도,15111.3871,서울특별시 영등포구 양평로 124,양평2동,37.53813152,126.8934205
9호선,선정릉,18118.06452,서울특별시 강남구 선릉로 지하580,삼성2동,37.51085389,127.043641
9호선,송파나루,10660.6129,서울특별시 송파구 백제고분로 지하446,방이2동,37.5106317,127.1123939
9호선,신논현,57150.16129,서울특별시 강남구 봉은사로 102,역삼1동,37.50463416,127.0250313
9호선,신목동,7076.451613,서울특별시 양천구 목동중앙로 217,목2동,37.54449166,126.8827535
9호선,신반포,6799.064516,서울특별시 서초구 신반포로 105,반포2동,37.50341372,126.995899
9호선,신방화,12623.74194,서울특별시 강서구 방화대로 301,방화1동,37.5676834,126.8165246
9호선,양천향교,18137.77419,서울특별시 강서구 양천로 341,가양1동,37.56876119,126.8408178
9호선,언주,20892.54839,서울특별시 강남구 봉은사로 지하201,논현2동,37.5074455,127.0342847
9호선,여의도,51884.48387,서울특별시 영등포구 의사당대로 101,여의동,37.52190694,126.9239689
9호선,염창,31370.32258,서울특별시 강서구 공항대로 631,염창동,37.54705931,126.875005
9호선,올림픽공원,16903.0,서울특별시 송파구 양재대로 지하1233,오륜동,37.51608765,127.1306001
9호선,종합운동장,8831.129032,서울특별시 송파구 올림픽로 49,잠실2동,37.51148063,127.0760081
9호선,중앙보훈병원,20008.41935,서울특별시 강동구 동남로 지하625,둔촌2동,37.52889572,127.148542
9호선,증미,13549.93548,서울특별시 강서구 양천로 560,등촌1동,37.55771941,126.8612469
9호선,한성백제,5219.548387,서울특별시 송파구 위례성대로 지하29,오륜동,37.5164648,127.1163033
9호선,흑석,15219.51613,서울특별시 동작구 현충로 90,흑석동,37.50908532,126.9635701
경의중앙선,가좌,10242.19355,서울특별시 서대문구 수색로 27,남가좌1동,37.568611,126.914841
경의중앙선,공덕,6747.935484,서울특별시 마포구 마포대로 100,아현동,37.542611,126.952134
경의중앙선,디지털미디어시티,4883.516129,서울특별시 은평구 수색로 193,수색동,37.577964,126.900421
경의중앙선,망우,14403.51613,서울특별시 중랑구 망우로 55길 11-10,상봉1동,37.599288,127.092318
경의중앙선,상봉,10901.06452,서울특별시 중랑구 망우로 297,상봉1동,37.595254,127.085853
경의중앙선,서강대,3998.16129,서울특시 마포구 서강로 지하118,노고산동,37.552132,126.935389
경의중앙선,서빙고,4031.83871,서울특별시 용산구 서빙고로 238,서빙고동,37.51961,126.988358
경의중앙선,서울역,8449.290323,서울특별시 용산구 한강대로 405,남영동,37.554713,126.970787
경의중앙선,수색,5203.806452,서울특별시 은평구 수색로 261-1,수색동,37.580855,126.895681
경의중앙선,신촌,1762.322581,서울특별시 서대문구 신촌역로 30,신촌동,37.559768,126.942308
경의중앙선,양원,5466.806452,서울특별시 중랑구 송림길 147,망우본동,36.963209,129.091131
경의중앙선,옥수,97.41935484,서울특별시 성동구 동호로 21,옥수동,37.540514,127.018698
경의중앙선,왕십리,31089.64516,서울특별시 성동구 왕십리 광장로 17,행당1동,37.561128,127.035505
경의중앙선,응봉,3158.645161,서울특별시 성동구 고산자로 123,응봉동,37.550433,127.034824
경의중앙선,이촌,6524.548387,서울특별시 용산구 이촌로 71길 42,한강로동,37.522476,126.973816
경의중앙선,중랑,10338.80645,서울특별시 중랑구 중랑역로 9,중화2동,37.594948,127.076152
경의중앙선,한남,7291.645161,서울특별시 용산구 독서당로6길 12-13,한남동,37.529361,127.008984
경의중앙선,홍대입구,4520.580645,서울특별시 마포구 양화로 지하 188,서교동,37.55808,126.925533
경의중앙선,회기,44400.83871,서울특별시 동대문구 회기로 196,휘경1동,37.589802,127.057936
경의중앙선,효창공원앞,5965.967742,서울특별시 용산구 백범로 287,효창동,37.539289,126.961339
경춘선,신내,3922.774194,서울특별시 중랑구 신내역로 20,망우본동,37.612855,127.103277
공항철도,공덕,5959.709677,서울특별시 마포구 마포대로 92,도화동,37.54284055,126.9513301
공항철도,디지털미디어시티,24248.25806,서울특별시 마포구 성암로 184,상암동,37.57682544,126.8990205
공항철도,마곡나루,17006.90323,서울특별시 강서구 마곡중앙로 지하 135,방화1동,37.56581914,126.8276358
공항철도,서울역,24796.70968,서울특별시 용산구 청파로 378,남영동,37.54911784,126.9704643
공항철도,홍대입구,28085.80645,서울특별시 마포구 양화로 188,서교동,37.55774103,126.9264939
분당선,강남구청,17921.90323,서울시 강남구 학동로 지하 364,삼성2동,37.517172,127.041275
분당선,개포동,8913.903226,서울특별시 강남구 개포로 420,개포2동,37.489112,127.066027
분당선,구룡,4292.322581,서울특별시 강남구 개포로 403,개포2동,37.486985,127.059496
분당선,대모산입구,10109.45161,서울특별시 강남구 개포로 522,개포2동,37.491347,127.072702
분당선,도곡,13231.03226,서울특별시 강남구 남부순환로 지하 2814,도곡2동,37.490914,127.055393
분당선,서울숲,23573.67742,서울특별시 성동구 왕십리로 지하 77,성수1가1동,37.543647,127.044686
분당선,선릉,28732.06452,서울특별시 강남구 테헤란로 지하 340,삼성2동,37.504479,127.048941
분당선,선정릉,13965.0,서울특별시 강남구 선릉로 지하 580,삼성2동,37.510275,127.043817
분당선,수서,27551.54839,서울특별시 강남구 광평로 지하 270,수서동,37.487633,127.101118
분당선,압구정로데오,38685.19355,서울특별시 강남구 압구정로 지하 402,청담동,37.527385,127.040555
분당선,한티,30790.32258,서울특별시 강남구 선릉로 지하 228,도곡2동,37.496208,127.052883
신림선,당곡,8458.580645,서울특별시 관악구 보라매로 6,보라매동,37.49003911,126.9275688
신림선,대방,4405.483871,서울특별시 영등포구 영등포로 지하 405,신길7동,37.51284017,126.9253168
신림선,보라매,6591.935484,서울특별시 동작구 여의대방로 148-2,대방동,37.50031271,126.9204859
신림선,보라매공원,4020.290323,서울특별시 동작구 보라매로5길 28,신대방2동,37.49522541,126.9182588
신림선,보라매병원,13348.74194,서울특별시 동작구 보라매로5길 20,신대방2동,37.49307176,126.9238861
신림선,샛강,5128.516129,서울특별시 영등포구 의사당대로 지하 166,여의동,37.51721994,126.929404
신림선,서울대벤처타운,16314.29032,서울특별시 관악구 신림로 144,서림동,37.47204068,126.9339766
신림선,서울지방병무청,5484.967742,서울특별시 동작구 여의대방로 지하 218,대방동,37.50604687,126.9227834
신림선,서원,6245.483871,서울특별시 관악구 신림동 808-717,서원동,37.47827336,126.9332282
신림선,신림,3886.193548,서울특별시 관악구 남부순환로 지하 1614,신림동,37.48489076,126.9296099
우이신설선,4.19민주묘지,5345.064516,서울특별시 강북구 삼양로 519,우이동,37.64954,127.01371
우이신설선,보문,2900.16129,서울특별시 성북구 보문로 지하 116,보문동,37.58551,127.01939
우이신설선,북한산보국문,10804.22581,서울특별시 성북구 보국문로 지하 88,정릉4동,37.61233,127.00816
우이신설선,북한산우이,6333.903226,서울특별시 강북구 삼양로 지하 676,우이동,37.66284,127.01272
우이신설선,삼양,3864.935484,서울특별시 강북구 삼양로 지하 259,삼양동,37.62706,127.01817
우이신설선,삼양사거리,4762.774194,서울특별시 강북구 삼양로 197,삼양동,37.62144,127.02049
우이신설선,성신여대입구,6679.903226,서울특별시 성북구 동소문로 지하 102,삼선동,37.59287,127.01656
우이신설선,솔밭공원,4737.322581,서울특별시 강북구 삼양로 595,우이동,37.65607,127.01326
우이신설선,솔샘,10357.41935,서울특별시 강북구 솔샘로 지하 189,삼양동,37.62037,127.01357
우이신설선,신설동,3869.419355,서울특별시 동대문구 왕산로 지하 1,용신동,37.57579,127.02361
우이신설선,정릉,8058.580645,서울특별시 성북구 아리랑로 지하 122,정릉1동,37.60278,127.01345
우이신설선,화계,6412.774194,서울특별시 강북구 삼양로 341,수유1동,37.63428,127.0175
