,행정동명,시군구명,거주인구대비취약자수,거주인구대비취약자백분위수,미세먼지지수,미세먼지백분위,행정구역면적,공원수,공원율
0,사직동,종로구,2417,41.0,142.175,68,1.1577,6,24.26
1,삼청동,종로구,743,6.0,82.935,57,1.4781,2,90.34
2,부암동,종로구,2638,44.0,36.67,44,2.273,0,0.0
3,평창동,종로구,5064,69.0,24.822,36,8.9407,5,0.1
4,무악동,종로구,2471,42.0,11.848,1,0.3693,2,1.87
5,교남동,종로구,2784,46.0,71.088,54,0.3467,1,3.09
6,가회동,종로구,1167,19.0,47.392,48,0.5396,1,1.85
7,종로1.2.3.4가동,종로구,1676,31.0,343.59,99,2.4153,6,21.87
8,종로5.6가동,종로구,1145,18.0,68.434,54,0.6027,2,0.55
9,이화동,종로구,1648,30.0,40.141,46,0.7818,2,26.55
10,창신1동,종로구,1332,23.0,14.146,6,0.3051,0,0.0
11,창신2동,종로구,2090,37.0,14.146,6,0.2571,2,4.75
12,창신3동,종로구,1740,32.0,14.146,6,0.2167,3,1.89
13,숭인1동,종로구,1575,29.0,14.146,7,0.2392,1,19.06
14,숭인2동,종로구,1897,34.0,14.146,7,0.3516,1,2.39
15,청운효자동,종로구,3345,52.0,118.479,63,2.5665,2,70.44
16,혜화동,종로구,3689,55.0,71.088,54,1.1316,3,18.75
17,소공동,중구,460,2.0,142.175,68,0.9431,6,1.74
18,회현동,중구,1397,25.0,118.479,63,0.8971,0,0.0
19,명동,중구,763,7.0,272.502,95,0.969,8,0.9
20,필동,중구,1010,14.0,130.327,64,1.4634,1,0.28
21,장충동,중구,1101,17.0,37.842,45,1.0172,0,0.0
22,광희동,중구,1283,22.0,129.972,64,0.7369,3,0.76
23,을지로동,중구,437,2.0,123.076,63,0.6111,1,2.73
24,신당5동,중구,2447,41.0,14.146,7,0.3195,2,5.1
25,황학동,중구,2894,47.0,14.146,7,0.3284,1,0.33
26,중림동,중구,3216,50.0,47.392,48,0.484,4,11.49
27,신당동,중구,1783,32.0,42.439,46,0.5345,0,0.0
28,다산동,중구,3448,53.0,14.146,7,0.5236,3,0.44
29,약수동,중구,5029,69.0,14.146,7,0.486,1,22.16
30,청구동,중구,3626,55.0,14.146,7,0.3423,1,0.5
31,동화동,중구,2822,46.0,14.146,7,0.3268,2,1.71
32,후암동,용산구,4255,61.0,18.927,34,0.8652,2,0.29
33,용산2가동,용산구,2509,42.0,37.855,45,0.0,0,0.0
34,남영동,용산구,1631,30.0,75.71,55,1.1769,3,0.44
35,원효로2동,용산구,3603,55.0,94.637,58,0.7085,2,0.37
36,효창동,용산구,2496,42.0,18.927,34,0.4459,2,38.53
37,용문동,용산구,3016,49.0,37.855,45,0.2773,1,0.54
38,이촌1동,용산구,8191,88.0,18.927,34,2.8706,9,0.45
39,이촌2동,용산구,2411,41.0,18.927,34,1.2046,1,0.04
40,이태원1동,용산구,1731,32.0,18.927,34,0.5825,2,0.39
41,이태원2동,용산구,2425,41.0,18.927,34,0.8736,3,0.62
42,서빙고동,용산구,3475,53.0,75.71,55,2.8198,3,5.15
43,보광동,용산구,3367,52.0,18.927,34,0.7146,0,0.0
44,청파동,용산구,4070,59.0,75.71,55,0.8856,3,1.36
45,원효로1동,용산구,3530,54.0,75.71,55,0.5886,5,3.3
46,한강로동,용산구,4654,65.0,94.637,58,2.8677,5,0.61
47,한남동,용산구,5269,71.0,12.345,1,0.0,0,0.0
48,왕십리2동,성동구,4175,60.0,14.146,7,0.3721,4,9.46
49,마장동,성동구,5432,72.0,14.146,6,1.0345,4,0.31
50,사근동,성동구,2039,36.0,28.293,37,1.1683,2,0.45
51,행당1동,성동구,3383,52.0,14.146,7,0.5731,0,0.0
52,행당2동,성동구,6333,79.0,14.146,7,0.4573,4,1.38
53,응봉동,성동구,4343,62.0,12.345,1,0.5532,3,0.43
54,금호1가동,성동구,4213,61.0,12.345,1,0.4446,1,18.06
55,금호4가동,성동구,4065,59.0,12.345,2,0.8317,2,5.84
56,성수1가1동,성동구,3517,54.0,12.345,2,1.8844,3,25.68
57,성수1가2동,성동구,2994,49.0,12.345,2,0.9294,2,0.39
58,성수2가1동,성동구,3948,58.0,12.345,2,1.1841,6,0.49
59,성수2가3동,성동구,2606,43.0,12.345,2,1.0537,11,1.58
60,송정동,성동구,2472,42.0,14.731,11,0.6814,2,0.1
61,용답동,성동구,2982,48.0,28.878,38,2.3753,3,0.29
62,왕십리도선동,성동구,6836,82.0,56.586,51,0.7098,7,2.09
63,금호2.3가동,성동구,5907,76.0,24.689,36,0.6307,5,4.46
64,옥수동,성동구,7055,84.0,12.345,1,1.9206,2,0.14
65,화양동,광진구,2870,47.0,14.731,11,0.0,0,0.0
66,군자동,광진구,4337,62.0,14.731,10,0.7375,1,0.2
67,중곡1동,광진구,3427,53.0,14.243,8,0.614,1,0.15
68,중곡2동,광진구,4917,68.0,14.243,8,0.5451,3,0.44
69,중곡3동,광진구,3819,57.0,14.243,8,0.6014,0,0.0
70,중곡4동,광진구,6946,83.0,14.243,8,2.3117,0,0.0
71,능동,광진구,2330,40.0,14.731,11,1.0912,2,51.44
72,구의1동,광진구,4398,63.0,14.731,11,0.5649,3,0.53
73,구의2동,광진구,7003,83.0,14.731,10,1.387,2,0.09
74,구의3동,광진구,6640,81.0,14.731,10,1.0268,0,0.0
75,광장동,광진구,9731,93.0,14.731,10,2.3919,1,0.98
76,자양1동,광진구,5019,69.0,14.731,10,0.5684,1,0.18
77,자양2동,광진구,6363,79.0,14.731,10,1.6563,5,0.82
78,자양3동,광진구,7523,86.0,14.731,11,1.1955,3,0.25
79,자양4동,광진구,5135,70.0,14.731,11,1.1791,2,0.13
80,회기동,동대문구,2185,38.0,14.146,7,0.7663,1,0.05
81,휘경1동,동대문구,3086,49.0,14.243,7,0.5214,1,0.31
82,휘경2동,동대문구,6022,77.0,14.243,7,1.1127,4,0.49
83,청량리동,동대문구,6249,78.0,14.146,7,1.2035,2,28.73
84,용신동,동대문구,7434,85.0,28.293,37,1.6172,6,1.74
85,제기동,동대문구,7004,83.0,14.146,7,1.1808,2,0.47
86,전농1동,동대문구,7737,87.0,14.146,7,0.0,0,0.0
87,전농2동,동대문구,5471,72.0,14.146,7,0.9768,1,27.19
88,답십리2동,동대문구,7878,87.0,14.146,7,0.8751,4,18.89
89,장안1동,동대문구,9731,93.0,14.243,7,1.3411,11,2.2
90,장안2동,동대문구,9637,93.0,14.243,8,0.9959,4,1.83
91,이문1동,동대문구,4244,61.0,15.673,17,1.0388,2,0.25
92,이문2동,동대문구,5809,75.0,15.673,17,0.7233,0,0.0
93,답십리1동,동대문구,7496,86.0,14.146,7,0.7876,4,3.53
94,면목2동,중랑구,6279,79.0,14.243,8,0.7625,3,0.41
95,면목4동,중랑구,5061,69.0,14.243,7,0.8428,3,606.41
96,면목5동,중랑구,3680,55.0,14.243,8,0.7044,3,0.44
97,면목7동,중랑구,5707,74.0,14.243,7,1.2352,1,0.11
98,상봉1동,중랑구,6209,78.0,15.673,17,0.8534,1,0.18
99,상봉2동,중랑구,3999,58.0,15.673,17,0.6769,3,0.46
100,중화1동,중랑구,5219,70.0,15.673,17,0.6412,1,0.03
101,중화2동,중랑구,6264,78.0,15.673,17,1.0162,5,0.56
102,묵1동,중랑구,9298,92.0,15.673,17,1.2375,6,0.58
103,묵2동,중랑구,5049,69.0,15.673,17,0.6687,1,0.18
104,망우3동,중랑구,4492,64.0,15.673,17,0.9618,4,0.36
105,신내1동,중랑구,11798,97.0,15.673,17,2.6049,6,2.77
106,신내2동,중랑구,6010,77.0,15.673,16,0.9106,5,114.53
107,면목본동,중랑구,8223,89.0,14.243,7,0.8484,5,0.59
108,면목3.8동,중랑구,6366,79.0,14.243,7,1.6129,5,213.04
109,망우본동,중랑구,7963,87.0,15.673,17,2.9458,6,7.39
110,돈암1동,성북구,4006,59.0,13.848,5,0.4885,2,61.27
111,돈암2동,성북구,6614,81.0,13.848,5,0.5179,0,0.0
112,안암동,성북구,2779,46.0,70.732,54,1.3785,1,0.11
113,보문동,성북구,3967,58.0,99.025,59,0.5526,3,2.08
114,정릉1동,성북구,5245,71.0,12.411,2,0.412,2,1.09
115,정릉2동,성북구,6561,81.0,26.259,37,1.0941,1,0.25
116,정릉3동,성북구,4091,59.0,12.411,2,3.3246,1,0.01
117,정릉4동,성북구,7080,84.0,12.411,2,3.5682,1,46.74
118,길음1동,성북구,10809,96.0,13.848,5,0.7967,8,1.63
119,길음2동,성북구,4595,65.0,27.697,37,0.5875,0,0.0
120,월곡1동,성북구,7801,87.0,13.848,5,0.8012,5,23.71
121,월곡2동,성북구,5314,71.0,27.697,37,1.3639,4,56.05
122,장위1동,성북구,4950,68.0,13.848,5,0.7106,1,0.14
123,장위2동,성북구,4051,59.0,13.848,5,0.6794,1,0.24
124,장위3동,성북구,4707,66.0,13.848,5,0.6495,0,0.0
125,성북동,성북구,4140,60.0,54.85,51,2.8778,1,4.79
126,삼선동,성북구,5638,74.0,113.172,61,0.9255,4,1.47
127,동선동,성북구,2976,48.0,112.874,61,0.7244,0,0.0
128,종암동,성북구,10781,96.0,13.848,5,1.4035,5,0.48
129,석관동,성북구,9603,93.0,15.673,17,1.7037,3,0.25
130,번1동,강북구,4684,66.0,13.848,5,0.6266,3,0.46
131,번2동,강북구,4927,68.0,13.848,5,0.9736,3,139.62
132,번3동,강북구,5976,77.0,13.848,5,1.0804,3,62.04
133,수유1동,강북구,5731,74.0,13.848,5,1.6487,3,0.33
134,수유2동,강북구,6143,78.0,13.848,5,0.5812,3,0.28
135,수유3동,강북구,5598,73.0,13.848,5,0.7451,5,0.6
136,삼양동,강북구,6579,81.0,13.848,5,0.9234,6,14.5
137,미아동,강북구,5787,75.0,13.848,5,0.8406,5,0.59
138,송중동,강북구,8125,88.0,13.848,5,1.075,5,0.41
139,송천동,강북구,7700,86.0,13.848,5,0.9292,2,0.23
140,삼각산동,강북구,9092,91.0,13.848,5,0.6214,4,0.98
141,우이동,강북구,6205,78.0,30.837,39,10.5798,2,0.33
142,인수동,강북구,9297,92.0,13.848,5,2.9958,2,0.06
143,쌍문1동,도봉구,6262,78.0,15.646,16,1.1749,4,28.06
144,쌍문2동,도봉구,5263,71.0,15.646,16,0.5408,2,0.3
145,쌍문3동,도봉구,4474,64.0,15.646,16,0.5044,3,0.4
146,쌍문4동,도봉구,4947,68.0,15.646,16,0.5544,2,0.16
147,방학1동,도봉구,7931,87.0,15.646,16,1.0401,9,2.03
148,방학2동,도봉구,5565,73.0,15.646,16,1.092,5,0.39
149,방학3동,도봉구,8162,88.0,15.646,16,1.9496,4,0.68
150,창1동,도봉구,6851,83.0,15.646,16,1.1213,8,62.67
151,창2동,도봉구,7705,86.0,15.646,16,0.654,5,1.09
152,창3동,도봉구,4029,59.0,15.646,16,0.655,3,0.69
153,창4동,도봉구,6841,82.0,15.646,16,1.1393,6,1.54
154,창5동,도봉구,6478,80.0,15.646,16,0.7009,3,0.51
155,도봉1동,도봉구,6763,82.0,15.233,15,8.4451,11,103.17
156,도봉2동,도봉구,8456,89.0,15.233,15,1.1182,7,9.81
157,월계1동,노원구,6172,78.0,13.848,5,1.1066,6,23.94
158,월계2동,노원구,8167,88.0,13.848,5,2.0032,7,1.25
159,월계3동,노원구,8860,91.0,13.848,5,1.1674,4,2.29
160,공릉2동,노원구,9791,94.0,15.673,17,6.9783,10,0.5
161,하계1동,노원구,6528,81.0,15.673,17,1.5259,10,3.08
162,하계2동,노원구,5904,76.0,15.673,17,0.4996,3,3.82
163,중계본동,노원구,6054,77.0,14.719,10,2.1814,3,0.22
164,중계1동,노원구,6974,83.0,14.719,10,0.623,5,7.98
165,중계4동,노원구,6065,77.0,14.719,10,1.5183,6,352.28
166,상계1동,노원구,10514,95.0,14.719,10,5.3985,10,124.53
167,상계2동,노원구,4920,68.0,14.719,10,0.6226,0,0.0
168,상계5동,노원구,6722,82.0,14.719,10,0.9062,1,0.07
169,상계8동,노원구,6110,78.0,14.719,10,0.6658,10,8.34
170,상계9동,노원구,5535,73.0,14.719,10,0.7189,5,2.56
171,상계10동,노원구,3751,56.0,14.719,10,0.8086,5,2.96
172,상계3.4동,노원구,7865,87.0,14.719,10,5.2077,5,0.1
173,상계6.7동,노원구,8646,90.0,14.719,10,1.4492,14,7.79
174,중계2.3동,노원구,10409,95.0,14.719,10,0.9184,6,8.07
175,공릉1동,노원구,9433,93.0,15.673,17,1.2623,8,17.44
176,녹번동,은평구,10392,95.0,13.483,3,1.7929,10,45.37
177,불광1동,은평구,10702,95.0,13.483,2,3.1226,12,4.77
178,갈현1동,은평구,5900,76.0,13.483,2,0.9604,4,0.7
179,갈현2동,은평구,7462,86.0,13.483,2,0.9844,4,0.45
180,구산동,은평구,8970,91.0,13.483,2,1.3888,8,6.42
181,대조동,은평구,6713,82.0,13.483,2,0.8511,4,0.56
182,응암1동,은평구,7242,85.0,13.844,4,1.109,5,0.27
183,응암2동,은평구,7857,87.0,13.844,4,0.7547,5,1.19
184,신사1동,은평구,7117,84.0,13.844,4,0.8077,2,0.24
185,신사2동,은평구,5594,73.0,13.844,4,1.0454,7,11.29
186,증산동,은평구,4255,61.0,13.844,4,0.8068,2,0.25
187,수색동,은평구,2526,43.0,13.844,4,1.2893,1,0.03
188,진관동,은평구,16193,99.0,18.541,33,11.5566,16,33.83
189,불광2동,은평구,7567,86.0,13.483,3,1.3951,7,10.87
190,응암3동,은평구,7001,83.0,13.844,5,0.7522,4,0.48
191,역촌동,은평구,12359,97.0,13.483,3,1.1567,7,0.43
192,천연동,서대문구,4956,68.0,59.24,52,0.9821,2,11.77
193,홍제1동,서대문구,6522,81.0,11.848,1,1.2347,7,2.1
194,홍제3동,서대문구,4516,64.0,11.848,1,1.1916,4,1.24
195,홍제2동,서대문구,3790,56.0,11.848,1,0.6995,0,0.0
196,홍은1동,서대문구,6521,81.0,13.844,4,1.6139,4,1.31
197,홍은2동,서대문구,6985,83.0,13.844,4,2.0735,5,95.99
198,남가좌1동,서대문구,4883,67.0,13.844,4,0.4752,4,2.9
199,남가좌2동,서대문구,7778,87.0,13.844,5,0.7832,4,0.73
200,북가좌1동,서대문구,5230,71.0,13.844,4,0.5775,2,3.84
201,북가좌2동,서대문구,8603,90.0,13.844,4,0.8243,5,0.74
202,충현동,서대문구,4863,67.0,59.24,52,1.1152,1,0.04
203,북아현동,서대문구,4086,59.0,11.848,1,0.4586,6,4.69
204,신촌동,서대문구,3104,50.0,63.233,52,2.7183,4,0.45
205,연희동,서대문구,9499,93.0,13.844,4,2.927,9,75.87
206,용강동,마포구,6094,77.0,109.256,60,0.79,6,1.37
207,대흥동,마포구,2839,47.0,49.545,48,0.8579,2,61.87
208,염리동,마포구,3079,49.0,37.855,45,0.4911,2,2.38
209,신수동,마포구,5562,73.0,86.02,57,0.7973,4,1.25
210,서교동,마포구,4487,64.0,44.462,47,1.6777,7,0.8
211,합정동,마포구,3822,57.0,16.773,24,1.7111,3,1.13
212,망원1동,마포구,4849,67.0,13.844,4,1.1002,3,0.44
213,망원2동,마포구,4863,67.0,13.844,5,0.6759,2,0.24
214,연남동,마포구,3290,51.0,13.844,5,0.647,2,0.31
215,성산1동,마포구,4358,62.0,13.844,5,0.8586,4,12.31
216,성산2동,마포구,10204,94.0,27.689,37,1.9773,11,9.0
217,상암동,마포구,8467,90.0,15.34,15,8.3963,18,30.06
218,도화동,마포구,5641,74.0,37.855,45,0.6246,2,0.58
219,서강동,마포구,5516,73.0,83.866,57,1.4775,8,6.66
220,공덕동,마포구,8711,90.0,68.63,54,1.0184,4,0.67
221,아현동,마포구,6299,79.0,49.703,49,0.7438,5,0.85
222,목1동,양천구,8467,90.0,14.838,12,1.4321,2,1.66
223,목2동,양천구,6600,81.0,14.838,12,1.0206,3,25.68
224,목3동,양천구,4965,68.0,14.838,12,0.5315,3,0.51
225,목4동,양천구,5864,76.0,14.838,12,0.5771,4,0.66
226,신월1동,양천구,5591,73.0,14.838,11,0.6219,5,0.8
227,신월2동,양천구,5933,76.0,14.838,11,0.6064,3,0.49
228,신월3동,양천구,4208,61.0,14.838,11,0.9176,3,23.99
229,신월4동,양천구,5291,71.0,14.838,11,0.4695,5,1.09
230,신월5동,양천구,3825,57.0,14.838,11,0.6379,4,0.53
231,신월6동,양천구,3590,55.0,14.838,11,0.444,2,0.97
232,신월7동,양천구,5949,76.0,14.838,11,1.1784,8,9.51
233,신정1동,양천구,5883,76.0,14.838,11,0.747,7,4.08
234,신정2동,양천구,5057,69.0,14.838,11,0.5255,2,0.42
235,신정3동,양천구,12444,97.0,14.838,11,2.7546,14,61.05
236,신정6동,양천구,6278,79.0,14.838,12,0.9402,7,5.2
237,신정7동,양천구,8160,88.0,14.838,11,1.2332,4,11.85
238,목5동,양천구,11160,96.0,14.838,12,1.7651,9,3.96
239,신정4동,양천구,8354,89.0,14.838,12,0.9964,10,0.97
240,염창동,강서구,10326,95.0,30.68,39,1.7316,4,6.68
241,등촌1동,강서구,4481,64.0,15.34,15,0.6503,4,0.6
242,등촌2동,강서구,4983,68.0,15.34,15,0.0,0,0.0
243,등촌3동,강서구,8708,90.0,15.34,15,1.0596,9,2.21
244,화곡본동,강서구,8058,88.0,14.838,12,0.9714,14,104.61
245,화곡2동,강서구,4700,66.0,14.838,12,0.4543,3,0.66
246,화곡3동,강서구,5881,76.0,14.838,12,0.5215,5,1.07
247,화곡4동,강서구,5517,73.0,14.838,12,0.8514,5,0.58
248,화곡6동,강서구,5592,73.0,14.838,12,1.0372,5,7.52
249,화곡8동,강서구,6285,79.0,14.838,11,0.5935,6,1.97
250,가양1동,강서구,5290,71.0,30.68,39,4.9671,12,26.38
251,가양2동,강서구,4369,62.0,15.34,15,0.8233,5,6.85
252,가양3동,강서구,4315,62.0,15.34,15,0.4739,3,0.99
253,발산1동,강서구,10398,95.0,47.523,48,2.8744,8,13.24
254,공항동,강서구,6976,83.0,98.902,58,10.8646,7,0.47
255,방화1동,강서구,12750,98.0,47.922,48,1.4745,13,3.02
256,방화2동,강서구,6228,78.0,32.582,40,6.1531,7,0.19
257,방화3동,강서구,6809,82.0,16.291,19,2.5571,9,25.31
258,화곡1동,강서구,11799,97.0,14.838,11,1.1969,13,3.71
259,우장산동,강서구,11886,97.0,29.676,38,1.2607,8,29.41
260,신도림동,구로구,9753,93.0,17.357,29,1.3918,3,0.83
261,구로1동,구로구,5305,71.0,15.774,17,1.0082,0,0.0
262,구로3동,구로구,5707,74.0,15.774,17,1.0394,2,0.2
263,구로4동,구로구,6544,81.0,15.774,17,0.5241,2,1.66
264,구로5동,구로구,7768,87.0,15.774,18,1.0117,2,0.55
265,고척1동,구로구,6722,82.0,17.357,29,1.1504,1,0.03
266,고척2동,구로구,7871,87.0,17.357,28,1.0248,6,26.25
267,개봉2동,구로구,9371,92.0,17.357,29,0.782,1,0.23
268,개봉3동,구로구,5955,76.0,17.357,29,0.8278,5,50.04
269,오류1동,구로구,5750,75.0,17.357,28,0.7273,2,151.95
270,수궁동,구로구,6426,80.0,36.217,44,2.6594,5,0.32
271,가리봉동,구로구,3475,53.0,15.774,17,0.4107,0,0.0
272,구로2동,구로구,8739,91.0,15.774,18,1.7021,3,0.4
273,개봉1동,구로구,9640,93.0,17.357,28,1.3189,2,0.26
274,오류2동,구로구,12132,97.0,34.714,43,4.5047,9,5.69
275,항동,구로구,4801,67.0,17.357,29,1.4,2,13.33
276,가산동,금천구,3859,57.0,17.357,28,2.511,3,0.15
277,독산1동,금천구,10075,94.0,14.245,8,2.0604,8,2.13
278,독산2동,금천구,5101,69.0,14.245,8,0.6167,6,0.97
279,독산3동,금천구,6823,82.0,14.245,8,0.9343,7,3.44
280,독산4동,금천구,4302,62.0,14.245,8,0.5906,5,6.03
281,시흥1동,금천구,9466,93.0,14.245,8,1.5228,6,0.53
282,시흥2동,금천구,6400,80.0,14.245,8,1.3079,0,0.0
283,시흥3동,금천구,3066,49.0,14.245,8,1.2605,6,0.82
284,시흥4동,금천구,5803,75.0,14.245,8,0.8211,8,1.61
285,시흥5동,금천구,5681,74.0,14.245,8,1.386,3,0.87
286,여의동,영등포구,9749,93.0,16.773,24,8.4313,4,3.04
287,당산1동,영등포구,4758,66.0,50.32,49,0.7447,1,1.5
288,당산2동,영등포구,7993,88.0,67.093,53,1.5802,7,0.66
289,양평1동,영등포구,3839,57.0,50.32,49,0.9742,1,0.15
290,양평2동,영등포구,4959,68.0,100.64,60,2.8725,3,4.4
291,신길1동,영등포구,4390,63.0,15.774,17,0.7224,2,8.01
292,신길3동,영등포구,4788,67.0,15.774,17,0.5197,1,0.33
293,신길4동,영등포구,2905,48.0,15.774,17,0.2919,0,0.0
294,신길5동,영등포구,3313,51.0,31.547,39,0.4943,2,4.27
295,신길6동,영등포구,4492,64.0,15.774,17,0.6555,1,0.12
296,신길7동,영등포구,5314,71.0,15.774,17,0.6395,1,0.16
297,대림1동,영등포구,4746,66.0,15.774,17,0.4986,2,1.48
298,대림2동,영등포구,5092,69.0,15.774,17,0.5721,1,0.28
299,대림3동,영등포구,7070,84.0,15.774,17,0.921,5,1.38
300,영등포본동,영등포구,6224,78.0,32.547,40,0.8458,2,7.92
301,영등포동,영등포구,5176,70.0,150.959,71,1.3711,4,1.09
302,도림동,영등포구,5079,69.0,15.774,17,0.5855,2,0.84
303,문래동,영등포구,9536,93.0,100.64,60,1.7854,5,1.64
304,노량진2동,동작구,3160,50.0,15.774,17,0.6001,0,0.0
305,상도1동,동작구,10765,96.0,34.41,43,1.4875,3,0.23
306,상도2동,동작구,7247,85.0,17.205,28,0.7723,7,1.04
307,상도3동,동작구,6116,78.0,17.205,28,0.6367,5,1.04
308,상도4동,동작구,7222,85.0,17.205,28,0.9389,1,0.03
309,사당1동,동작구,4760,66.0,17.205,28,0.6347,2,0.35
310,사당3동,동작구,6958,83.0,17.205,27,0.907,5,126.57
311,사당4동,동작구,3567,54.0,17.205,27,0.4358,5,0.73
312,사당5동,동작구,3679,55.0,17.205,27,0.6817,4,0.37
313,대방동,동작구,9604,1.4,15.774,17,1.5438,3,27.26
314,신대방1동,동작구,6864,83.0,15.774,17,0.6748,4,0.95
315,신대방2동,동작구,5181,70.0,15.774,17,0.9763,1,43.44
316,흑석동,동작구,8538,90.0,17.205,27,1.7071,6,22.75
317,노량진1동,동작구,8156,88.0,34.701,43,1.6123,4,8.18
318,사당2동,동작구,7323,85.0,34.41,43,2.7611,3,75.46
319,보라매동,관악구,6152,78.0,17.205,27,0.7497,4,0.15
320,청림동,관악구,4417,63.0,17.205,27,0.2969,0,0.0
321,행운동,관악구,5872,76.0,17.205,27,0.7177,6,9.7
322,낙성대동,관악구,3038,49.0,17.205,27,2.2611,5,0.5
323,중앙동,관악구,2902,48.0,17.205,27,0.3844,2,0.73
324,인헌동,관악구,5586,73.0,17.205,27,1.0883,5,0.42
325,남현동,관악구,3990,58.0,16.457,20,3.2786,5,0.18
326,서원동,관악구,4177,60.0,14.245,8,0.6471,5,20.43
327,신원동,관악구,4183,60.0,14.245,8,0.5446,1,0.07
328,서림동,관악구,4559,64.0,14.245,8,0.9405,4,0.4
329,신사동(관악구),관악구,5244,71.0,14.245,8,0.6406,2,0.3
330,신사동(강남구),강남구,4296,62.0,24.689,36,2.0577,8,1.42
331,신림동,관악구,2545,43.0,14.245,8,0.5408,2,0.35
332,난향동,관악구,4517,64.0,14.245,8,0.8208,1,0.12
333,조원동,관악구,3993,58.0,14.245,8,0.6661,2,0.3
334,대학동,관악구,3922,58.0,14.245,8,8.399,7,0.15
335,은천동,관악구,9174,92.0,17.205,27,0.7756,6,58.16
336,성현동,관악구,8407,89.0,17.205,28,0.6777,0,0.0
337,청룡동,관악구,6293,79.0,17.205,28,1.1947,7,0.74
338,난곡동,관악구,7269,85.0,14.245,8,0.9717,4,1.25
339,삼성동,관악구,6969,83.0,14.245,8,2.6025,4,0.14
340,미성동,관악구,8362,89.0,14.245,8,1.3584,8,6.97
341,서초1동,서초구,5275,71.0,13.996,6,1.3816,3,0.25
342,서초2동,서초구,4575,65.0,13.996,6,1.23,3,0.24
343,서초3동,서초구,7070,84.0,31.201,39,2.9963,7,0.23
344,서초4동,서초구,8751,91.0,13.996,6,0.8791,2,0.74
345,잠원동,서초구,6926,83.0,12.345,1,1.7555,9,1.44
346,반포본동,서초구,3089,50.0,17.205,27,0.9718,4,1.18
347,반포1동,서초구,8128,88.0,17.205,27,0.9916,5,0.66
348,반포2동,서초구,5166,70.0,17.205,27,1.395,2,2.17
349,반포3동,서초구,5995,77.0,12.345,1,1.2508,5,0.92
350,반포4동,서초구,5510,72.0,17.205,27,1.4261,3,0.59
351,방배본동,서초구,5398,72.0,17.205,28,0.677,1,0.15
352,방배1동,서초구,4249,61.0,17.205,28,0.6887,1,0.17
353,방배2동,서초구,5210,70.0,17.205,27,1.9026,6,32.77
354,방배3동,서초구,5472,72.0,17.205,27,2.3734,7,9.94
355,방배4동,서초구,6042,77.0,17.205,27,0.9488,2,0.72
356,양재1동,서초구,12823,98.0,31.186,39,5.761,26,82.66
357,양재2동,서초구,4834,67.0,31.186,39,7.5565,19,5.57
358,내곡동,서초구,5632,74.0,50.458,49,12.6991,14,40.69
359,논현1동,강남구,3770,56.0,12.345,1,1.2578,2,2.51
360,논현2동,강남구,4546,64.0,12.345,1,1.4574,6,0.54
361,삼성1동,강남구,3334,52.0,12.345,2,1.9432,3,17.05
362,삼성2동,강남구,7098,84.0,12.345,2,1.2413,1,0.1
363,대치1동,강남구,6859,83.0,16.56,23,0.8092,8,7.27
364,대치4동,강남구,3578,54.0,16.56,23,0.7005,2,0.47
365,역삼1동,강남구,4920,68.0,13.996,6,2.3603,6,2.37
366,역삼2동,강남구,8738,91.0,13.996,6,1.1342,9,0.88
367,도곡1동,강남구,5481,72.0,13.996,6,1.0498,4,26.89
368,도곡2동,강남구,9424,92.0,13.996,6,0.99,8,27.03
369,개포1동,강남구,2045,36.0,16.56,23,1.4488,0,0.0
370,개포4동,강남구,4821,67.0,16.56,23,1.6642,1,0.1
371,일원본동,강남구,6592,81.0,33.12,42,2.3528,8,121.0
372,일원1동,강남구,4183,60.0,33.12,42,0.9528,1,1.48
373,일원2동,강남구,4986,68.0,49.679,49,1.2993,4,2.16
374,수서동,강남구,4969,68.0,16.56,23,1.6281,4,0.88
375,세곡동,강남구,13179,98.0,49.197,48,6.3628,22,8.41
376,압구정동,강남구,8025,88.0,24.689,36,2.3433,3,1.69
377,청담동,강남구,6454,80.0,12.345,1,2.3274,5,3.51
378,대치2동,강남구,8948,91.0,16.56,23,1.836,3,0.27
379,개포2동,강남구,5547,73.0,33.12,42,2.2416,12,6.0
380,풍납1동,송파구,3943,58.0,14.731,11,1.0745,2,2.23
381,풍납2동,송파구,6374,79.0,14.731,11,2.5626,3,0.28
382,거여1동,송파구,3372,52.0,17.603,30,0.5697,7,11.2
383,거여2동,송파구,4726,66.0,17.603,30,0.6124,6,2.81
384,마천1동,송파구,5677,74.0,17.603,30,0.5748,11,9.99
385,마천2동,송파구,5513,73.0,17.603,30,0.89,7,23.53
386,방이1동,송파구,3808,57.0,17.327,28,0.6088,4,5.72
387,방이2동,송파구,4960,68.0,17.327,28,0.7692,6,1.91
388,오륜동,송파구,5135,70.0,17.327,28,3.0827,1,46.94
389,오금동,송파구,10195,94.0,17.603,30,1.6475,15,20.93
390,송파1동,송파구,5018,69.0,16.56,23,0.6864,6,2.74
391,송파2동,송파구,5139,70.0,16.56,23,0.6305,5,3.27
392,석촌동,송파구,6742,82.0,16.56,23,0.9462,5,5.53
393,삼전동,송파구,6346,79.0,16.56,23,0.9526,7,18.52
394,가락본동,송파구,6083,77.0,16.56,23,1.014,9,5.84
395,가락1동,송파구,7161,84.0,16.56,23,1.3921,2,1.49
396,가락2동,송파구,8065,88.0,16.56,23,0.9316,9,66.31
397,문정1동,송파구,4754,66.0,17.603,30,0.612,4,4.69
398,문정2동,송파구,5850,76.0,35.205,44,2.2403,10,5.88
399,잠실본동,송파구,5652,74.0,16.56,23,1.0282,6,1.41
400,잠실4동,송파구,6554,81.0,14.731,10,0.0,0,0.0
401,잠실6동,송파구,4892,67.0,14.731,10,1.5068,4,20.39
402,잠실7동,송파구,2914,48.0,16.56,23,0.7229,1,9.13
403,잠실2동,송파구,10414,95.0,16.56,23,2.6848,2,0.92
404,잠실3동,송파구,10223,95.0,16.56,23,1.5414,4,2.19
405,장지동,송파구,7662,86.0,35.205,44,1.2774,12,7.17
406,위례동,송파구,8773,91.0,35.205,44,2.4876,5,9.73
407,강일동,강동구,9803,94.0,32.123,40,3.6447,8,5.71
408,명일1동,강동구,6848,82.0,17.327,28,0.6345,8,6.76
409,명일2동,강동구,4619,65.0,17.327,28,0.9136,2,0.44
410,고덕1동,강동구,7794,87.0,14.797,11,1.5173,5,2.82
411,고덕2동,강동구,6147,78.0,14.797,11,2.205,7,12.12
412,암사2동,강동구,4085,59.0,14.797,11,2.1726,2,0.12
413,암사3동,강동구,5332,71.0,14.797,11,1.798,4,0.63
414,천호1동,강동구,6986,83.0,17.327,28,0.6685,5,0.64
415,천호3동,강동구,6286,79.0,17.327,28,0.5614,2,0.46
416,성내1동,강동구,5141,70.0,17.327,28,0.6632,3,1.91
417,성내2동,강동구,5714,74.0,17.327,28,0.6247,1,0.37
418,성내3동,강동구,5534,73.0,17.327,28,0.6469,3,0.56
419,둔촌1동,강동구,14,1.0,17.327,28,0.9115,0,0.0
420,둔촌2동,강동구,7035,84.0,17.327,28,1.5492,3,42.63
421,암사1동,강동구,9094,92.0,14.797,11,0.7349,4,1.21
422,천호2동,강동구,8981,91.0,17.327,28,1.8494,7,1.89
423,길동,강동구,11189,96.0,17.327,28,1.6303,5,5.2
424,상일1동,강동구,9347,92.0,17.327,28,1.8122,9,73.05
425,상일2동,강동구,9347,92.0,17.327,28,1.8122,9,73.05
