행정동명,0,1,2,3,4,5
가락1동,0.3137505265935116,-0.1949824759935044,-0.0594315045606244,-0.17829949436711282,0.03452443000215843,-0.08317417757284212
가락2동,0.41613734973719324,-0.0510236014376923,0.035966626560561446,-0.0029842450294164146,-0.07842471154025579,0.07380771685872413
가락본동,0.15699658963373225,0.11242938461840922,0.04275790027314608,0.028742875743587547,-0.02731419130101325,0.15188541963479987
가리봉동,-0.6126048337800128,0.10740779475405791,-0.15647583209662927,0.05150575892655019,-0.025350944733645082,-0.021620438411319342
가산동,-0.11735976735352095,0.7954703372712937,0.18108366589297015,-0.2242428106960719,0.009891849116015603,-0.060994532909439146
가양1동,0.25088305254268417,0.6794891700406417,0.1922426711139531,-0.05784189398249403,-0.15860827761048835,0.19065076161189315
가양2동,-0.31611438053319374,-0.023622628861286556,-0.22269484914192167,0.36435163622215794,0.03243833563084905,0.062162147944061025
가양3동,-0.2652073907729841,-0.07883454157856924,-0.18890310571401683,0.26690922941668477,-0.05503180414906193,-0.04331915376395738
가회동,-0.5048860733258003,-0.2622780940152062,0.2972434573025575,0.011905347795411504,-0.14576605436056647,0.04213977178339623
갈현1동,-0.15427677793730216,-0.014324046793753495,-0.11533042199254578,-0.02754216455507875,0.10804213121174674,0.09479833543229524
갈현2동,0.1997295674585677,-0.017416670135599152,-0.06687716478703327,0.035208899295398687,-0.03355563560885715,-0.06752714872339674
강일동,0.056952124288432604,-0.3137284801706067,0.1890249688664268,0.2056801071172528,-0.07498608374982418,0.004384737179158595
개봉1동,-0.06905864552971848,-0.07277101359596774,-0.013770376121901157,0.015315105749439697,0.12799632581199286,-0.0891527403194343
개봉2동,-0.08235010125956427,-0.22806340606256864,-0.05934020149159325,0.022434741757166084,0.12956223120370863,-0.09304182014163109
개봉3동,-0.21771519063144512,-0.3065351193636777,0.038942201724749215,0.20810973463888507,-0.05259815775609628,0.010084379795767276
개포1동,-0.406953987811243,-0.5597473431023309,0.2683195414094763,-0.06767592801274906,-0.16193016141628336,0.05580034394100872
개포2동,0.25358201170000644,-0.332082200130166,0.23515561466690527,0.04649774262017421,-0.0997761071072224,0.1667653741786604
개포3동,-0.32933837224169893,-0.4120750498495425,0.3242270870275521,-0.08966966315256532,-0.19449702516025463,0.2354085099589891
개포4동,-0.18087649476642437,-0.2519475053011867,0.07996836930994633,-0.036259440133204285,-0.09869142895915374,-0.10840392777743707
거여1동,-0.14804081781166928,-0.16369805274130178,-0.0776313066817523,0.07413013446901758,0.04177009924212859,0.16152572494117073
거여2동,0.13878899248942278,-0.11857203133201309,-0.07547215887907877,0.01285399406910315,-0.021928550776992944,0.07935091916387203
고덕1동,0.0607180396234132,-0.5544961723696261,0.20162406607208705,-0.07092053436097381,-0.06931200718575191,-0.0024936857039787683
고덕2동,-0.06416647126988854,-0.34392907228323033,0.16899697600516667,0.044386454428899345,-0.09085655521998744,0.07551114117350156
고척1동,-0.17087255260107487,-0.17660948585914057,0.08548057071273397,0.051408965562968,-0.06443310474986426,-0.16671900370880835
고척2동,-0.10588809647779233,-0.21383388275883292,-0.009559904109109021,0.11059250655023967,0.05876235784682425,0.07321339035764843
공덕동,0.3086666382001864,0.3063447681923866,-0.061685562802493286,-0.019416056582068252,-0.04998531111062584,-0.08466953052729352
공릉1동,0.3457381604092585,0.2521820342034947,-0.047009223205786384,0.1415448796153411,-0.13478218374450932,-0.00013823873580020562
공릉2동,0.5874599239159205,0.1354972612552125,0.11094962106071944,0.12721414081464777,-0.2148927020119602,-0.048784264843662585
공항동,0.2346977815888247,0.12769985524785818,0.07404897165176348,0.05683581610227197,-0.03408571954460173,0.019891781415101603
광장동,0.5164027993788347,-0.2638113841186663,0.08791087158253505,-0.19537105076991104,-0.08834607630301648,-0.21265934879058582
광희동,-0.5577560560412064,0.354155830483164,0.1224251255520609,-0.0896601410925785,0.21615206537343523,0.13762793061000267
교남동,-0.22070741273186983,-0.1747440938042002,-0.026678355705553197,-0.21411458516222806,0.18542496675209558,0.05743174297815722
구로1동,-0.22050345614443712,-0.3680552356314971,0.09983593555496302,-0.05253251919320393,-0.14864932285461113,-0.10341701423799039
구로2동,-0.2693839244841464,0.023197892899872268,0.012462344375880096,0.1412038794037395,0.2193427042998164,-0.023004556059365334
구로3동,-0.3662667067615891,0.14715989010461497,0.21634122697939617,0.06318351263004367,-0.1762376949829865,-0.11369657860670529
구로4동,-0.36206206003395275,-0.047022207117133015,-0.052520974761738226,0.17478296718278552,0.01714636638486111,-0.07028649147121961
구로5동,-0.25379594317788245,0.12350369353796553,0.06282504700974756,-0.05877716746033189,-0.02885045487453342,-0.014960554071160951
구산동,0.33826714551122633,-0.006205485591168297,-0.08320240453632356,0.13732415127783507,-0.047780913696310316,0.035859781849763434
구의1동,-0.04773172126841737,0.24249000092181514,-0.12458588342933781,-0.14830709437618034,-0.10500205833658911,0.03352626247943363
구의2동,0.13865832984525223,-0.05025446360065936,-0.06820151562983176,-0.041263187702729014,-0.02782885867708006,-0.09350400401112309
구의3동,0.17699170255434604,0.015014978841625826,-0.06432473916294695,-0.18396916027272714,0.0012873486063949226,-0.11641809065913447
군자동,-0.19573754952465586,0.21117149418082976,-0.04571942776943878,-0.023534935300308726,-0.14875126178489986,-0.10249118189365056
금호1가동,-0.1102647282339653,-0.19129918223190676,-0.12356851173174037,-0.07604889359337128,0.06684219879171506,-0.028699489514166864
금호2.3가동,0.06519176813886611,-0.05346006687801591,-0.11665062915776445,-0.004960685814652277,0.008795754095058412,0.05116414565925797
금호4가동,-0.14256875580196524,-0.19577076136440086,-0.03928207668765182,0.025306721554035603,-0.03893881551261777,-0.06069818336345118
길동,-0.0074952138807975405,0.03918174184560494,0.03375568809479542,0.15479327079541233,-0.12391302772099634,-0.04645962773715489
길음1동,0.5943449872061797,-0.1670672286820365,0.16855469227297756,0.002971740692447063,-0.07971771827663106,-0.08279807898324754
길음2동,0.11495142336350998,-0.1310246040836745,-0.008266294068164018,-0.19401534083682884,0.1107326157095104,-0.12598410136315763
낙성대동,-0.22600669369425622,0.5607190297484397,0.12505446912587007,-0.08066590343834906,0.039999337492388654,0.02842972195973402
난곡동,0.09399943107898773,0.05088903172965974,-0.2099194651024674,0.053719046434585215,0.03551490348727217,-0.0017473756896989152
난향동,-0.07455133388204134,-0.27986046263784103,-0.08115260694782231,-0.09121864856432353,0.08500611442107088,-0.018922490019739665
남가좌1동,0.08859270709926591,-0.3122893587489479,0.017161596550916123,-0.1671204758868663,0.047328393486702425,0.041054902447004646
남가좌2동,0.2383743513449881,0.08185489370026652,-0.04181147925864095,-0.05508394725053693,0.002293146424686401,-0.05212230220719265
남영동,-0.5123097013348703,0.2577936336170993,-0.0632157197194609,0.0491820070669314,0.28307794040214246,0.10385393051771888
남현동,-0.1685028511774139,0.19047182602405496,-0.10724846968226916,-0.011653464060986484,-0.11086478009678322,0.06599700101417973
내곡동,0.11052085131068386,-0.16272972999617816,0.08077997547893488,0.17879939304559914,0.06894739641589118,0.31227689570210737
노량진1동,0.19379952047795543,0.3301868547287497,0.07994687133716367,0.12978797568344586,-0.0619540737335578,-0.21431722618424864
노량진2동,-0.4390853763388559,0.1849337553787506,-0.2055619418469558,-0.023574835920895335,0.05594702708052795,-0.021500970677458264
녹번동,0.4096645172307583,0.2280345586277717,-0.023020400063240416,0.22236851284869774,0.02279271469978615,0.0618365641935111
논현1동,-0.42135826964840084,0.31786760920227924,0.14690134604300212,-0.14460627943631071,-0.0797353876838419,0.009831822052873166
논현2동,-0.3040900821577182,0.1282847449033052,0.22628336822469566,0.0025975971834703996,-0.08890982868366913,0.08141424750606228
능동,-0.37091222374849864,0.11208068766364344,-0.0161470837397923,-0.04859751395819968,-0.17439200215269066,-0.01795660239681103
다산동,-0.26528143966306444,-0.057337155930054985,-0.058723650271637,0.013335321982364694,-0.06895365413319866,0.06872895318753461
답십리1동,0.18484133792709875,0.07929188378479708,-0.1041213300168036,-0.09298906854514943,-0.037022164736383305,-0.00700733843759625
답십리2동,0.17845501671509015,0.005613971487250495,-0.1335367202687043,0.07003438874257985,0.019833475037219554,-0.05261509065843663
당산1동,-0.12951418958131905,0.2477012527610312,-0.05328596029287038,-0.0993127346582395,0.024204547551085847,-0.04668148737438824
당산2동,0.33000610401520253,0.410936973516626,0.0424896165045831,-0.06242466138204684,-0.12674416029439392,-0.004924391048950057
대림1동,-0.21680751375920562,-0.0826589319808845,-0.09748995977109245,0.07446142209114864,0.04687118751190637,-0.02430006026464458
대림2동,-0.3631417389926652,-0.014327428563263434,-0.14247031625114334,0.1724175888481826,-0.07633090454112985,-0.09176778927775696
대림3동,0.010688268191906942,-0.035292150690868634,-0.08431783241797788,0.1665092082970854,-0.027060117452482685,-0.017852797252919005
대방동,0.3833177827286941,0.17617438964704082,-0.015454701113581385,-0.07078438318754146,-0.015686647617360387,-0.15140781326631242
대조동,0.08512445928063488,0.305328280878229,-0.07540252681426694,-0.04222161991881158,0.04679079389324433,-0.019378091495175304
대치1동,0.2447297857885215,-0.6698222599483089,0.40147215849875895,-0.19315671540277,0.023804623485365942,0.08146114780401446
대치2동,0.20964387396695086,-0.3314151085636627,0.323847318488868,-0.2296918234976163,0.13192212685622645,-0.06201397295739876
대치4동,-0.2617232709612806,-0.0032605282401526148,0.28709721716753517,-0.24704194239382132,-0.070605704242922,-0.007150382111237621
대학동,-0.07859793671021156,0.5506042927187074,-0.05060025704763132,-0.09307579964389111,-0.15755536137273604,0.1122577053196684
대흥동,-0.2937140825183316,0.2415501421755134,0.09402296465882234,-0.045393542718783965,-0.13747592268443606,-0.09321803641781874
도곡1동,-0.10588406922340173,-0.2757525032917446,0.1893272047797254,-0.028676573008060365,0.014359810057663335,-0.0349472603731079
도곡2동,0.1730264730797885,-0.4040663899352781,0.20340437396025704,-0.10466577141842583,0.03193495681043116,0.1435449218504915
도림동,-0.16758290975762166,0.0774083575124998,-0.1704476691185117,-0.047106203141201224,-0.002051577543404877,0.010902876081985577
도봉1동,0.01429458223551989,-0.047872410058806124,-0.1329748253572142,0.37185166468091707,0.05659933580342065,0.19061397078513
도봉2동,0.1775417419763523,-0.023392228648926282,-0.19841294095683665,0.17775038809704655,0.14110348502105236,0.06618528303144372
도화동,-0.011745678306916987,-0.04574884248736108,-0.04355638489671199,-0.0232865021493117,0.0052629462973819725,-0.06463803995605234
독산1동,0.42141852339162145,0.5007730788304722,-0.010750509807541643,0.08692013292743,-0.12435486031648846,-0.07610997716947895
독산2동,-0.08364210847759578,-0.002647274124018757,-0.10446520152665098,0.14819186504385726,-0.0016468329155491172,0.054459703751160056
독산3동,0.03866592813500332,0.1749972406136081,-0.11648109366139725,0.14200149785569782,0.01856443093946556,0.047513090107484016
독산4동,-0.16779549183498269,-0.0317505929043532,-0.14950665896940724,0.07360172848254105,0.06089823602759697,0.09600893007873684
돈암1동,-0.10712060970527361,-0.25689312006448617,-0.03888925494088375,0.0656457224821921,0.023099428929646774,-0.07765252606886847
돈암2동,0.18097221062494967,-0.3265111101509737,0.007771900792189113,-0.07494415743679705,-0.067045944119962,-0.1976293763907372
동선동,-0.35653489822409484,0.3113359291511217,0.2622724547775575,-0.012376400747531033,-0.19028531484524766,-0.20521479996499273
동화동,-0.1780981825469796,-0.32103576811148987,-0.08811282584555268,-0.09249235610391816,0.12768222854949862,0.07045328076919215
둔촌1동,-0.6217200320297782,-0.14144408880331208,0.18804466203632195,-0.1262602787145835,-0.3628754003581917,0.06210202708760322
둔촌2동,-0.16144974356657474,-0.23000213603182437,0.06960521244011128,0.07891552493354016,-0.014765502569914888,-0.060194921810037924
등촌1동,-0.006551405451104512,0.34826418169960127,-0.09666566152263319,-0.1642429865524829,-0.125765662466925,0.02203408815721603
등촌2동,-0.030844271724259093,-0.09675169723271755,-0.09466714680798075,-0.05356595485157337,0.0008152962696352861,-0.14152096705556327
등촌3동,0.20601135915976676,0.12552782700964923,-0.023616292905240747,0.32944129253045945,-0.048610388769730076,0.0017251119342372924
마장동,-0.018411698913414903,0.030996615218912553,-0.08462715670766209,0.08681361612050947,-0.11350366970391401,-0.04948909155487431
마천1동,0.03949799442205951,-0.10516596135428354,-0.12108584845217436,0.17015973038150844,0.08967914022438231,0.2701252949087937
마천2동,-0.044876669275525076,-0.09551359343879703,-0.12559571793840335,0.17786767689056207,0.09468704318300351,0.12700450144938788
망우3동,-0.15512782849025242,-0.05761166969040679,-0.1396002285688799,0.1480910699083954,0.07750004766264369,0.02793689406413693
망우본동,0.33633757041104184,0.26011267658983894,-0.06118709809775332,0.1471349849768766,-0.019556736756092846,-0.10169106327009723
망원1동,-0.09120381036909195,0.14075313072491533,-0.09737808917631853,-0.18277008112284468,0.04967457662827744,0.10082498718163976
망원2동,-0.05877672392516361,-0.07732017012308029,-0.031895466603055644,-0.09437198687035357,-0.011370450909838722,-0.014916700185109974
면목2동,0.006633884013860919,0.017639802625087412,-0.13222689477781635,0.1093384096262325,-0.055511653821661455,-0.06305504694643112
면목3.8동,0.05312184694757198,0.11147877491558487,-0.16116622121898164,0.03728820183222324,0.06816535955898763,0.06307414082410752
면목4동,-0.07582934772325989,-0.07842410596726067,-0.16364966475847534,0.05247162089457444,0.04225901858165861,0.00017120373826149516
면목5동,-0.10174297456049626,-0.1367357416342349,-0.15363254278266555,-0.15702890769733838,0.12078133281845672,0.1132977491778867
면목7동,-0.03935112671037731,0.025548436518739986,-0.2173092335470956,-0.008763413306275876,0.09464717642862883,-0.059307101398923284
면목본동,0.2314836245757023,0.2531278741049503,-0.1662741950862605,0.08576511622188662,-0.020480371451153667,-0.05557636902860587
명동,-0.5235481186847354,0.38090505513953,0.775273274304337,0.17509651503162302,0.41695870067595964,0.2145797167089095
명일1동,-0.018497435848787578,-0.25235123469385357,0.10146790433474484,-0.02846312937908385,0.07094709072501497,0.18073285328328556
명일2동,-0.22187944160884723,-0.5616606750721312,0.4107895618277765,0.09772581249436355,-0.35108778319757344,-0.12709525276228573
목1동,0.5072677511393054,-0.21431176292263562,0.22723910256679727,-0.2529241226690022,0.12005966790336604,-0.1978715939209803
목2동,0.20742306038357008,0.0658140282985402,-0.11737973528428078,-0.07730063919665325,-0.05114979566579386,-0.06370402134220284
목3동,0.00928836248256312,0.03135116468799536,-0.10362772373347956,-0.08527025191054002,0.03299770604267857,0.007255702545686064
목4동,0.23525533016735167,-0.1274420234751942,-0.020555831766821426,-0.17939380519182857,0.01800639906769816,0.0004604341724274478
목5동,0.7944651277134304,-0.2583563780095822,0.2239359268740469,-0.02047618374253845,-0.15109799722118875,-0.07482237129060128
무악동,-0.15522127703539396,-0.48774840390384683,0.06748365963149588,-0.05443429594366268,0.048790857278743195,-0.0026795797669436133
묵1동,0.38594837151195843,0.06843124399971386,-0.11910392195242024,-0.021009396969812515,0.015168155593126453,0.014019690173657944
묵2동,-0.1244229077445941,-0.06460985164927839,-0.17640311884629714,0.043805053541037656,-0.024065487848733007,-0.07556836061049506
문래동,0.36473127436726044,0.08361697945978515,0.14974623361258765,-0.06747004417529605,0.09209517473299764,-0.061737190221709794
문정1동,0.0179529026107588,-0.06615071446275911,-0.09540816100931132,-0.07754833139052923,0.032602521876129636,0.047228327878280414
문정2동,0.16435552003371703,0.5209261460525151,0.18485806994317242,-0.10871060809224728,0.016274802022890077,0.20088743464527178
미성동,0.264826528428027,0.14270579631471983,-0.1108423343790386,0.07823678858236582,0.0500857171391351,0.06329339026569146
미아동,-0.038941025362067755,0.16267299838928412,-0.1834859496781797,-0.004931540149906455,0.13712527471096517,0.10127959627612797
반포1동,0.41851703341789614,0.07308966685640356,-0.019337438266993405,-0.17950606319801765,-0.07191491036823988,-0.02786063475286108
반포2동,0.1548655926153754,-0.5989372151336301,0.2533404133646567,-0.24503165663156024,-0.03602030096454527,-0.043987285406236955
반포3동,0.32486711913665484,-0.3207594596238565,0.11180969422450786,-0.2298556506069809,0.062437187269362544,0.05519172746189268
반포4동,0.13124936230541234,-0.1356862928262562,0.1685174296452356,-0.2605233688926496,0.2385963917197691,0.015089938439472771
반포본동,-0.46010757917057227,-0.2375861555688863,0.16924761020510035,-0.017053656818598214,-0.2758820324889989,0.09282857041493106
발산1동,0.5842981576811049,-0.032794254474533005,0.20894698312324328,-0.038467660890125134,0.019622902407586847,-0.028844211237882764
방배1동,-0.08559165784409822,-0.07368808252505338,-0.05072295127838777,-0.18233477714013374,0.084960049794506,0.0034674035848096534
방배2동,0.02259100237572002,-0.06727999829401764,-0.005052601187531033,-0.06943701250811611,0.12382900388833736,0.13866901036128065
방배3동,0.10032400161307282,-0.30065535944843186,0.057266385503845434,0.061769600179692866,0.05449242134392209,0.053401230300591504
방배4동,0.13704245651823335,-0.11054931491329498,0.04895682757067164,-0.17594335615407772,0.020195027321056734,-0.05312897279089706
방배본동,0.10988261278822545,-0.26752635584920686,0.07559968716742178,-0.27336744324234763,0.021844896329225365,-0.002448487845303509
방이1동,-0.05698025039995692,-0.2503378630274074,0.11940807785419245,-0.0807205311024249,-0.0873992360919166,0.05500413732917588
방이2동,0.003838806030587813,0.3888575295444647,-0.10712073775816555,-0.13419338666863762,-0.10942660478312521,0.13400436130285737
방학1동,0.2450633531822214,0.07100383749392505,-0.036764645580606346,0.1931640349004584,0.12942148199218673,0.09079358827239938
방학2동,-0.02420960995128716,-0.07688353112427035,-0.2102299865519576,0.06712977681262969,0.16174439175458996,0.10394543902520513
방학3동,0.26445292867781267,-0.2561763714835535,-0.04782745086259421,0.12293459126239528,0.04597954007474718,-0.10081730876191995
방화1동,0.6457979484188319,0.06541513515483581,0.031343616711060375,0.13004818396261356,-0.09008710172486221,0.1347646923564748
방화2동,0.010685524453221197,0.10316442009441038,-0.09077367873462784,0.15961841572025276,-0.0346131701739476,0.0627993899521654
방화3동,0.023179875642371003,-0.046724310735688473,-0.08662865111874098,0.23971506850654511,-0.07462398677350215,0.16213794489767644
번1동,-0.15591227006290365,0.1760231991087688,-0.061187011843817744,0.06404740904596329,0.07198981705517904,-0.056421079344029394
번2동,-0.14040446236317033,-0.1115447291355397,-0.2109205763423847,0.06969675065480854,0.20444273920446215,0.05474636910745058
번3동,-0.08248330255215369,-0.1916551660908501,-0.1598449062659502,0.161676968845995,0.16407221863632762,-0.01911316694758232
보광동,-0.3034734638050286,0.009370012856312615,-0.21509024830453416,-0.042731316423827354,0.09802522437891814,-0.016847479144822222
보라매동,0.007530711280170324,0.19647222824845184,-0.17465629476874936,-0.031748626455854016,-0.010037064623566665,0.026918937588524726
보문동,-0.18618540773276596,-0.010901974856360835,0.07117078294038151,0.0901625501101362,-0.14539865320753434,-0.08748018256606142
부암동,-0.28382818559948697,-0.2778049034124568,0.11264742806694635,0.10311288375638188,-0.06430325073673508,-0.18361327070533134
북가좌1동,0.05713692544395188,-0.30847524914307484,-0.03260907994614127,-0.14155522770213774,0.08366130611833571,-0.0007814925508032297
북가좌2동,0.26497105800700677,0.10318145915811425,-0.1507924854775875,0.015773921800335555,0.09275377153498651,0.01480645646254847
북아현동,-0.0679132069067981,-0.07897172114624744,-0.058119588525463776,-0.05770773933848776,-0.010704460280667634,0.11875511232439286
불광1동,0.4892665779595584,0.1879819625147121,-0.09831827606541153,0.20740947349740751,-0.010585619241531527,0.11592505271042113
불광2동,0.12028825938762097,0.1333074633379389,-0.08027376593229252,0.24222397331886003,0.039712760639353806,0.0054691979239124945
사근동,-0.4130547980749335,0.26146247144805,0.04343826437916292,-0.10358242005544292,-0.35985759563443176,-0.04395557804412234
사당1동,-0.12219992113109764,0.33948947308080946,-0.16083633943586445,-0.09188891563576085,-0.05884361370379543,-0.027960841734601664
사당2동,0.19079624071301443,0.05790678405868143,-0.079501459380393,-0.02360913466290071,0.0889160811298351,-0.05506248857227889
사당3동,0.10651266192319515,-0.0601527492625908,-0.10499932026690594,0.020227676912350463,-0.01627991622799589,0.03654587955937574
사당4동,-0.2202013588949386,0.031564989686830955,-0.1790991422878998,-0.09103332915612805,0.05372972328647307,0.21972776179059753
사당5동,-0.16959413280322494,-0.13478996595750917,-0.02517465062473302,0.08631401512474987,-0.1564123154358734,-0.02299828736245265
사직동,-0.28620844097593506,0.10182628581341126,0.41169065840406704,0.07627693440701702,0.2246005825826608,0.04647748812343617
삼각산동,0.42383068034806937,-0.18770114160706688,-0.07137064633164392,-0.16154750819437952,0.04694678885932812,-0.016337330640128635
삼선동,0.018110794875741295,0.2215979590133264,0.10376011701879459,-0.022373757650384945,0.16348885748367348,-0.057030532230228644
삼성1동,-0.2771555429069268,-0.17663841206460426,0.32394367511512157,-0.007097003474644326,0.07469488542071685,-0.0554136267243839
삼성2동,-0.07499066164389391,-0.07204351948836155,0.19521346822116795,-0.32612643425525784,0.06292476919031079,0.011490567124655342
삼성동,-0.021544561269604717,-0.07487454309249135,-0.18467985979024407,0.21217238165800076,0.12836430808710778,-0.03137835396593412
삼양동,0.07428971326710886,-0.053937099049781216,-0.09977575955178124,0.14349790728408757,0.008444527646802924,0.021742829201680865
삼전동,0.15230024089278832,0.28337222076965574,-0.06760041527459056,-0.07232456033667836,-0.12380034582876509,0.10458782473490492
삼청동,-0.4508025700004836,-0.12960236079190637,0.11298437439710304,-0.2396013367417645,0.16939675155862424,0.2312353715207315
상계10동,0.03607874446545061,-0.22712763164488042,-0.020610613561584258,0.023839219609838154,-0.08316588466350007,0.002539395597676888
상계1동,0.5087517012881202,0.030637122610290623,-0.07542788307030499,0.17549322451192811,-0.043690342270695556,0.05536791955555954
상계2동,-0.04073092175580614,-0.04472666380226408,0.10527652739221104,-0.07792670121955678,0.07410292275472427,-0.12092808266656031
상계3.4동,0.12470453513015804,-0.10270143835622843,-0.1506350418441609,0.20522008144245119,0.03897243548309142,-0.01990603351874425
상계5동,0.06117618284874524,-0.05662355220506916,-0.19226807099534218,-0.015795640963238183,0.13077963176530208,-0.06438511405943839
상계6.7동,0.4196533212664299,0.04625513496300129,0.0734008387047454,0.18905413374908553,-0.10123084926120927,0.189549716140216
상계8동,0.15759557100515745,-0.18491390795549065,0.07741328266653462,0.03594821624087784,-0.23683536638222727,0.16193247440905767
상계9동,0.06581534648196563,-0.24853466906913202,-0.0015203954565741623,0.06592554014031116,-0.08409643831392705,-0.0010247052632244736
상도1동,0.4221113076997985,0.4102204123883389,-0.01579650158906514,-0.002533968638628221,-0.029339255502279043,-0.2395837033948983
상도2동,0.22635236801669725,0.09581224246435852,-0.07372428618496614,-0.058211598469666184,0.007265268834534117,0.08267255912609851
상도3동,0.05547032957929747,0.12600705673208043,-0.1922316839700908,-0.04016494780264538,0.03188099516618801,0.07522463887771606
상도4동,0.10434906421359437,0.10252004454565719,-0.20395622514613526,-0.02798012937963754,-0.02983879956082118,-0.112515023272281
상봉1동,0.09168754648403485,-0.07687504793359448,-0.12322792555642055,-0.07198434330124019,0.05938244508929772,-0.09874861053046174
상봉2동,-0.1594609183233762,0.33954375470117065,-0.1354096282468595,-0.12258061565026887,-0.030407861052501154,0.03432727190789985
상암동,0.48976951137927854,0.1501845768744073,0.4931827212892118,0.1752697789194464,0.01958604527275004,0.24182374132146334
상일1동,0.21601306804638065,-0.3736082530155494,0.23913775622214023,0.07464201537223708,-0.14367012170164892,0.04057676323617721
상일2동,-0.20015706575262554,-0.36601459599650427,0.196733702024009,0.02743619616674565,-0.13764360956597824,0.2011392635765614
서강동,0.09345056113585287,0.19642116823047337,0.04782681599503451,-0.126106160729652,-0.021086701731921748,0.18892275146625942
서교동,0.03194496332891488,0.8823730761310936,0.6505186816107064,-0.09304527776507902,0.2666446588030205,-0.1267727535922482
서림동,-0.10065248678317378,0.36738049981765647,-0.14297903308178103,-0.027290129757332415,-0.17592174189443419,-0.01301719846000554
서빙고동,-0.09906888050357515,-0.2738391922877907,0.12306698390624453,0.007689704392402528,0.0806717558335222,-0.039808719771654476
서원동,-0.08209633695962539,0.5494225554456104,-0.04380943668446424,-0.13933243604384052,0.017067674688512113,0.03299261195015731
서초1동,0.00011602562757650457,0.039455946961045346,0.10334133559830037,-0.19709402523216485,0.015304012545369526,0.037119497903116944
서초2동,0.1815511866943991,0.15305414988885746,0.14543557496085327,-0.21388580388093945,0.05058728276423162,-0.0432191496379234
서초3동,0.3228209105167404,0.3380026913749439,0.13834371207074894,-0.1231890400298385,0.10158619572039396,0.027161712654578313
서초4동,0.4078713073324748,-0.20310822608119944,0.11401918447142362,-0.20000105051771844,0.009718550318509338,-0.12405691083590774
석관동,0.2804880883026967,0.14262264881419937,-0.17874539035519824,0.0842025725004911,0.03887170776358968,-0.1065245482341526
석촌동,0.17789749226142682,0.35255318774559335,-0.07064319219021106,-0.06540235996574119,-0.04916920195194391,-0.013124191467073183
성내1동,-0.20696730019587883,-0.2567916257312838,0.12809607238445775,0.01052525348869918,-0.014485486620919356,-0.009347793614809311
성내2동,-0.3189229237667849,0.09872236732339798,-0.1693048110064653,-0.09864495383967957,0.16681295640914495,0.04781149923992765
성내3동,-0.2418869146072336,-0.12505777392248255,0.020307544638370284,-0.06250941267604938,0.00957794424176948,0.08094148897703397
성북동,-0.18119780488596787,0.04343120112457842,0.03735584292618922,0.014099465825407735,0.013388565582344464,-0.1207581834877736
성산1동,-0.07812274083093836,0.03633787502746442,-0.02554853181910138,-0.022316961064135603,-0.08643849998701662,0.010092191435521418
성산2동,0.4755591403194089,0.2996780134159839,-0.0178542324261224,0.09862735120764016,-0.13162347307237576,0.08328990670609429
성수1가1동,-0.16092638334296033,-0.07843132434792736,-0.013953446313811051,0.03845386025867872,-0.13898115344068362,-0.04006306670066601
성수1가2동,-0.2549133093016843,0.013518436639555414,0.025856526660116213,-0.2627260970935223,0.07786954887052515,0.1594553586645801
성수2가1동,-0.18964391450887755,0.011074782842028232,-0.06881924983859938,0.04000450236004435,0.022657707388560783,0.17500704579464296
성수2가3동,-0.2687958024654127,0.06329047273374556,0.14949220332773397,0.05793027184713053,-0.059701106488062795,0.34619898119917314
성현동,0.21731857824137507,-0.0871623278840013,-0.13431268903220486,-0.04551307324782778,0.022016052713176693,-0.1933407977904434
세곡동,0.2974093192034323,-0.06695307660067272,0.40197650911546795,0.39942892632784555,-0.18266546610143963,0.366120464100925
소공동,-0.4818101771110457,0.11706856627046916,0.6351304579049076,0.07380092092217003,-0.013890808496958907,0.052239512148722654
송정동,-0.36076953334006717,-0.04589461643147344,-0.14208632446956412,0.02449162657950748,-0.033098541830317206,0.029346340861073888
송중동,0.21746032407894375,0.21061036147508944,0.0670966363867925,0.1358825596250854,0.1388307873853215,-0.14400827592859136
송천동,0.0511293535183211,0.09711290695136722,-0.19556005573921442,0.11079645779979101,0.1588492395444241,-0.1025575645280757
송파1동,-0.004335804629123499,0.235825518501227,0.014572992128691951,-0.055075970926945564,-0.12384101744374607,0.08247210289902694
송파2동,0.07981493956033722,-0.24462981068169395,0.02782588919059534,0.015310686682889383,-0.039013070829973094,-0.010444899310429717
수궁동,-0.13228531050001993,-0.18334566255218487,0.05449854651910435,0.08323782234547965,0.1855779296244712,0.03698516668648659
수색동,-0.14053650799799022,-0.2484627078853324,-0.048923871032164376,-0.03394047529355594,0.02364776541864318,-0.06298714943151519
수서동,-0.4476896479688026,-0.2153938842737546,0.06161872337765051,0.6372749471345661,-0.07749426785830742,-0.17863772950495785
수유1동,-0.06447939095341607,0.03645347832724711,-0.11819015179351573,0.10553329073720283,0.05065839698114088,-0.05385966270867616
수유2동,-0.005788324461460753,-0.05849433857656896,-0.1668203347800895,0.09364794179716476,0.12106775262820467,-0.025299911868096145
수유3동,-0.017614390936647017,0.35941203405034783,-0.012867917557668486,0.07814605394817367,0.23425482419413401,0.012419451610628967
숭인1동,-0.49186010347518616,-0.2194703393976941,0.02608886327048487,-0.11080191671104447,-0.03922882126047131,0.1848569132707609
숭인2동,-0.45542311683740844,0.25890144578420304,-0.21956026306596801,-0.14716314961190163,0.03056920622974336,0.07150561862117594
시흥1동,0.27524147642916313,0.26578227266666415,-0.02102050625545427,0.10242926013191357,0.11774764332998648,-0.048908105080647905
시흥2동,0.05955187842646018,-0.30920714909563507,-0.05894833369842189,0.08778171753255766,-0.006234995300386673,-0.21372994311919416
시흥3동,-0.19134830573969813,-0.2499438720290094,-0.10800520680880613,0.14351437960193636,0.10024346464365225,0.12978030123574724
시흥4동,0.04869124759320548,-0.08487595169341149,-0.1859570253146796,0.08120689024619482,0.12893957481580975,0.1916927963231993
시흥5동,-0.07928636825178559,-0.0837378932696187,-0.1370506063811547,0.14254404309396723,0.06927307256537787,-0.041843547561219815
신길1동,-0.17307256313699984,0.22551614330503666,-0.20876078333552334,-0.08874515362183413,-0.0073941294708172985,0.019987766746252782
신길3동,-0.13173923719519282,-0.1348824378489129,-0.11189368744982095,0.04245858054041813,-0.0034760511153903513,-0.09483986807518395
신길4동,-0.2412225528993167,-0.20906129744399066,-0.07851083605321398,0.06898573839034026,-0.04695893222064565,-0.1254206732822133
신길5동,-0.25949263602265876,-0.21673152411119703,-0.062165474523848165,0.018830867236249986,0.060838547624266125,0.01617511435183714
신길6동,-0.11269560838016845,0.015081303225032244,-0.11453928351967085,-0.04274506853971269,0.006462106766063226,-0.07540773168766292
신길7동,0.06383204323232748,-0.17475883037457268,-0.03484116078978344,-0.16521034564751336,0.006456261544370706,-0.09070035157714545
신내1동,0.5665202224183492,0.016452765322886663,-0.043102604357738106,0.044418143292785366,0.12557459335228846,-0.07154484161787251
신내2동,0.014870360298643474,-0.19022169479520812,0.02230446197934727,0.27637377048301853,-0.09814085782898681,-0.1094022677567627
신당5동,-0.3361058960293965,-0.045737694760375876,-0.10854521239880645,-0.00525737026907294,-0.02750488147304229,0.01832201294607458
신당동,-0.5361046981952442,0.09305190620566028,-0.034268967489744964,0.0330634751769006,-0.06243864280104194,-0.028168393981994142
신대방1동,0.10897862452265725,-0.08558478653996822,-0.051873435611940626,-0.020647678876678496,-0.07530334990635278,-0.026754058710250436
신대방2동,0.0095742614755055,0.07752777454213867,-0.07239076638945584,-0.22488997165899896,0.01182975355296321,-0.027120006226208214
신도림동,0.0562774132346287,-0.17349168081813057,0.169506662837656,-0.019930379135205106,0.04610706502479882,-0.1255178275727117
신림동,-0.2348588375893588,0.7314659096716449,-0.1281654732688943,-0.34677931886877916,-0.26940372143406077,0.02912153600645527
신사1동,0.1566792564067471,0.001957103405611456,-0.15452337757645596,-0.026018224265536107,0.07273068937880904,-0.08951477434563995
신사2동,0.024239016226803932,-0.09013256041329588,-0.00898088468958262,0.16215611797834867,0.011314762194861272,0.03735335572478787
신사동(강남구),-0.05814113294643056,-0.057561502058285974,0.2758130649517372,-0.1485367415745595,0.027742563440837472,0.25871303346536845
신사동(관악구),-0.14354339027833649,0.34252304937259725,-0.1902595309092812,-0.08889083557035912,-0.16105975936323247,-0.032326001532174596
신수동,0.04377637613477167,-0.031179553711936293,0.011267138585854318,-0.14562372353224337,-0.008963383388816299,0.08552554776242804
신원동,-0.26520577059781253,0.2163472948610771,-0.22620332909358817,-0.05015225845999075,-0.15442031131192535,-0.030919320971767417
신월1동,-0.04006790751217877,0.0035599462369630486,-0.22676704419718308,0.056381334875547265,0.12224798410030022,0.11326626680982746
신월2동,0.08360125748461798,-0.15672985646999027,-0.12248539993099883,-0.04470397346695862,0.11015008379444878,-0.004893693531834633
신월3동,-0.2224385812729677,-0.08683249556822584,-0.12023031348770487,0.13282645913935623,-0.04714869323670294,-0.004996079483037035
신월4동,0.04917988496506676,-0.29452868091077494,-0.030466807467647343,0.05861539172714243,0.03954783464314089,0.021293430017787798
신월5동,-0.11393538481318226,-0.1892778184795939,-0.0642330806009487,0.025679856608235713,0.0003934152323649345,0.030922073443976232
신월6동,-0.04092728555134553,-0.31836789313364006,-0.04559184511512826,-0.14545970154905397,0.03789640854544282,0.0027504263266923306
신월7동,0.0005707562565700305,-0.07469061151010949,-0.11210816962082899,0.1977149436401923,0.11263208712425127,0.13292934401185474
신정1동,0.2416511103490706,-0.35567257962499066,0.155437878547573,-0.0839793179621371,0.01742440556034396,0.06148874209506204
신정2동,0.15160554883760158,-0.4025611640146177,0.0639109246488599,-0.19689604881753708,0.020415235023028635,-0.027373328276074603
신정3동,0.71034517515903,0.00841402205681886,0.07588238091092966,0.23070388356780963,-0.1101229750737233,0.0557199046654789
신정4동,0.2965336323068018,0.23239993875737266,-0.02153433624839661,0.1346158867388435,-0.05284779854540094,0.08726915675964711
신정6동,0.36879712967078443,-0.34536677089369344,0.09460335760909223,-0.16559107737007836,0.07351326540038283,0.10467260858008984
신정7동,0.3072560415804579,-0.1899673638365456,-0.06293161663862197,0.01832218104728916,-0.0023069085488015956,-0.07718175518733554
신촌동,-0.21486884692821995,0.7668563428827219,0.4299209978529935,-0.09246234590793492,-0.13400737691891754,-0.16761598074157358
쌍문1동,0.011749376973922573,-0.14469405112428194,-0.029491628864868228,0.23462972849742095,-0.05017117859401042,-0.10928613082046228
쌍문2동,-0.0600734693916847,-0.09325215985200598,-0.12025408639253957,0.052367418988874245,0.1103315263009783,-0.05869296979431073
쌍문3동,-0.11701294618441407,-0.006775434634301477,-0.19917382091214472,-0.07171059324047015,0.14535748683578772,0.08659066704031412
쌍문4동,0.036808926006906294,-0.3360844852758136,-0.0017805188284376631,0.04721982351342422,-0.043183108591945435,-0.11805950548823929
아현동,0.2636589005515291,0.053518261448942325,-0.033495336050364775,-0.1583510266296427,0.05387341324835623,0.024535755666431843
안암동,-0.34270793236465036,0.3663255349921833,0.051995643745034494,-0.19675427388162747,-0.1172584843839076,-0.012111118497711576
암사1동,-0.06535064820351005,-0.06468488462442193,-0.09899553127201888,-0.01878358929297448,0.06684613224717015,0.051345215536164834
암사2동,-0.3102383363158847,-0.30209703806618526,0.09990054584111778,0.07485248127005462,-0.09546550717735308,-0.04991750061551617
암사3동,-0.1031156574829535,-0.4668004110017893,0.07339195906202577,-0.1831236358920735,0.0816114207643708,0.1516333210998169
압구정동,-0.044174724833411894,-0.20028794947919717,0.2540301058361066,-0.09482176094304022,0.22681211947650973,-0.02290215291053653
약수동,-0.12671508681581228,-0.09837079293321602,-0.2217084874954043,-0.00658390566849201,0.1766961726514402,-0.007979441946882458
양재1동,0.7933893352707608,0.26073498076116153,0.3656533111103003,0.408048084638611,-0.0680851322018747,0.37571117073238136
양재2동,0.1413822765253041,0.25610795266545455,0.20890157123901013,0.09317693130821898,-0.028123092948281792,0.48500433772425533
양평1동,-0.18420850339489653,0.14004310550402665,-0.021315921948845424,-0.12299561578368598,-0.1640862719311105,-0.06442879115314033
양평2동,-0.020773860909605986,0.15701047458514794,0.055744522675491875,-0.1193818397362029,-0.09524987021227421,-0.04167860353574877
여의동,0.42920513448645964,0.3537691794650573,0.5393714166918034,0.022997180285350367,0.3723150941600103,-0.31704098901328587
역삼1동,-0.19493073543391096,0.7551746392362356,0.48229887937234933,-0.1597644272980899,0.1194738030484568,-0.021548160672079954
역삼2동,0.17215555043828726,-0.08109945678727726,0.2723670837707918,-0.20497252145878594,0.004767704622007507,0.15080152082183887
역촌동,0.5106023531981785,0.2180896972362025,-0.14435848014696478,0.0761672047587378,0.031273761455218124,-0.012465994701963818
연남동,-0.27938131910035624,0.24175123929849435,0.05474097714527843,-0.14177953831992643,-0.030940585411230313,0.0373205630054837
연희동,0.326553530333481,0.5303745952002246,0.12823563045066377,0.019788966089223464,0.1198956819550397,0.02471328080920775
염리동,-0.06822341740269182,-0.08934447648613461,0.04094396672447028,-0.17320964706126363,-0.07412739479787123,-0.02255342933144377
염창동,0.5844544905864788,0.0941816569051294,-0.0342270223163085,-0.17608178152520043,-0.061041609770010746,-0.11704639814233876
영등포동,-0.0006512069936046266,0.8196156108053975,0.2254467852495681,-0.07870213348235884,-0.021298806545697106,-0.1543152847243929
영등포본동,-0.061178601564489926,0.04422723634187819,-0.15010573195699,0.018689714049411856,0.04346100653916855,-0.04134980775416374
오금동,0.5774168181787219,0.09437903266600017,0.00683390284304003,0.19845835622828134,-0.050014064581647075,0.209734918390007
오류1동,-0.36462033106036934,0.0023931141963495204,0.007075609325715666,0.13129885213234355,-0.230778728093013,-0.10418442355457076
오류2동,0.06773083723867085,-0.28078548299902734,0.22899186882964587,0.3858564284485865,-0.2361458515910201,-0.06992138630570306
오륜동,0.11508640274990886,-0.505156588146096,0.2254046151622076,-0.12529273243165795,0.023162289725525722,-0.07724074733203348
옥수동,0.14647854070278088,-0.10547499913747693,-0.09003698334672232,-0.00966837141924887,-0.0474604906834498,-0.11824043444317536
왕십리2동,-0.09518635173580234,-0.09957892493748247,-0.08006308652551387,-0.03062995051501913,-0.04673253273523471,0.044464102061817
왕십리도선동,0.15667849642080872,0.11181889392352812,0.013129225485225713,0.023860940228055183,-0.05549677943402852,0.035008702964187656
용강동,0.09377931070408072,-0.07429663015098832,0.10538390859515365,-0.07859871622191787,0.014319805852472363,0.07429768405552124
용답동,-0.36823698192864557,0.18715823603671608,-0.08674142634147916,0.003941675556915721,-0.04395669653685931,0.04115836547935082
용문동,-0.24748747675150445,-0.12965759164390292,-0.13379054941657542,-0.1031047931158612,0.08036127397434689,0.03448256286520447
용산2가동,-0.3960163711848224,0.01375106954756233,-0.13903870661754442,-0.02758060913195622,0.10975246150315963,-0.02484543227494274
용신동,0.3144871035888355,0.5290687915447079,-0.01174159340913419,-0.008711074938326105,0.0729330899432729,-0.07075735760106311
우이동,-0.0313986354533911,-0.05562836326320474,-0.15770821397423126,0.03969522052834066,0.1610155565750631,-0.027331097011052498
우장산동,0.67909426648042,-0.004029370181876539,0.03177957840046812,-0.05938436331064391,-0.016089798043782386,-0.015122803746850448
원효로1동,-0.16024574890822416,0.17008558652145708,0.021923278939130684,-0.08461050021772976,-0.12499692508358691,0.05890566386184253
원효로2동,-0.18548702160716152,-0.127766994058498,0.023890299585307466,-0.023456237869322515,0.005356073918162908,-0.02935814627502672
월계1동,0.019992369401339166,0.035877478040019437,-0.03801041972754137,0.0374568721634583,0.04228243982641536,0.06624914790252732
월계2동,0.17518376821014178,-0.0967449324952592,-0.11315799622916065,0.21914283338832646,-0.017245716252731025,0.008872354985206327
월계3동,0.21045533982336453,-0.0636935246371485,-0.11721247856820942,0.13346378049577812,-0.05529740708087831,-0.0900234956439208
월곡1동,0.23537099564416086,-0.0973989579553224,-0.05132645223931803,-0.03030398733296388,0.07425523521872648,0.004104596543800959
월곡2동,-0.06668724422150048,0.060286957983919386,-0.06639594432782835,-0.0517468950416946,0.02596720037718857,0.05664211822516958
위례동,0.7197389206515102,-0.1162892767255592,0.15328409016744912,-0.20529632582540497,-0.10941518457358239,-0.1449330717864933
은천동,0.29225325595593016,0.17359015559579988,-0.08547694511422814,0.05445471402982777,-0.06438238672311726,-0.0505640881979543
을지로동,-0.6517670281672862,0.1637562537994559,0.2204842316673487,-0.10921183961507874,-0.05411338737583861,0.10737979537354775
응봉동,-0.006679676937870193,-0.3103240571792525,-0.04789178746092356,-0.11888694126916664,0.04603833558327283,0.028327752874056762
응암1동,0.3409230607011972,0.14629640110497416,-0.03638247278710447,-0.0439967932984518,0.010935855599560425,-0.0631935069696127
응암2동,0.28396695307595593,-0.12147080341761814,-0.06508353553568577,-0.079995429597299,-0.03386816333890589,0.00696618790489456
응암3동,0.0012625713377495556,0.07431437532370136,-0.13210190870832705,0.17655555908468978,-0.012924450619623813,-0.05753141105793891
이문1동,-0.20193872480557298,0.2109895273494597,-0.0853762697877997,-0.1260599713499705,-0.07672727263103679,0.015204935717177164
이문2동,-0.02411634814553494,-0.15715864152394676,-0.16753884107170244,-0.04547265946821936,0.044836345842995035,-0.0984772102295062
이촌1동,0.31242462454852277,-0.2702907720425673,0.04512216546871306,0.04992515775439053,-0.04799380003902814,0.09563577226122161
이촌2동,-0.2898144899202087,-0.21243015879503077,-0.1913763839973349,-0.09235543237278733,0.23108629655202456,0.09415484723870447
이태원1동,-0.5353593930923574,-0.021016727864413966,0.07930390095319251,-0.07039041801746272,-0.012421509371657,0.18966587293542136
이태원2동,-0.39348015685953164,-0.020594967103977863,-0.05831417293153924,0.03511562133731664,-0.05139424539098486,0.058641063550619196
이화동,-0.4506104921116093,0.22083124861847292,-0.020405701383670045,-0.1382957378318895,0.1655290685576572,0.0841284277995489
인수동,0.17808012441396992,0.0317507176273723,-0.19840544293072698,0.10401403774096608,0.06947033475838651,-0.1226749988539148
인헌동,0.01930150652237949,0.2993442890132327,-0.18615888878510628,-0.08128025752653496,-0.11640468191883137,0.05875093164762453
일원1동,-0.4136573165754574,-0.2410376564042535,0.05474465182444502,0.25573196299071566,-0.16793334775721752,-0.1574724654211016
일원본동,-0.0021477646993122426,-0.5291000712923969,0.3479703537540176,0.02458670095291838,-0.16942660226974046,0.10888792385750933
자양1동,-0.06641633684886993,0.14627769803105922,-0.08074109528961139,-0.016548529614546,-0.02412079451155087,-0.1011890560542332
자양2동,0.08186965796650529,-0.05317146111530865,-0.02396083472072774,0.12308505632907368,-0.13388797699417218,-0.06016304089113276
자양3동,0.23831460516888514,-0.11077410311419317,-0.043481918544362494,-0.03289192651800698,-0.04162737983532049,-0.09701354605386246
자양4동,-0.17269343799201667,0.1381142308558472,-0.17425080015934408,0.01323196114662501,0.06392640910427562,-0.015622633105212362
잠실2동,0.5912978141683111,-0.2792133451306281,0.12571816103428513,-0.2946752423618092,-0.033904082605211175,-0.13307616227605482
잠실3동,0.5325017509645833,-0.11177449811275217,0.14810202228417166,-0.06601822557966669,0.12579072930980517,-0.15564927058052236
잠실4동,0.17765255855300763,-0.4140210290426848,0.03705699563921764,-0.2623062780177737,0.014099657663758555,-0.06252330534287803
잠실6동,0.10860504236480945,-0.19329977469418716,0.2834628522177492,-0.09176398824775424,0.296960350653723,-0.02385643601963887
잠실7동,-0.16328676736739603,-0.537134990785694,0.0611028515802611,0.013403471081302762,0.028081779414863686,-0.032316699136317135
잠실본동,0.06511726691896268,0.35695661449445215,0.001861330261100368,-0.1817255581236768,-0.0988575160345806,0.16041275691887386
잠원동,0.33880016954997244,-0.07427814730697617,0.09630739506432026,-0.1338955284980331,0.01667106970253382,0.1371541616267166
장안1동,0.4696777830111333,0.2948049017030144,-0.012871503355286085,0.11379029317421624,-0.006215296791947232,0.08248494196124753
장안2동,0.3352947740607505,0.06869549268146746,-0.013889216246382924,-0.04323296005915252,0.007422411027916041,-0.08524295808174641
장위1동,0.07552244051471098,-0.0684281388623135,-0.1324202223323753,-0.039789329519731534,0.010253982809798938,-0.11163568440620653
장위2동,-0.24499586311102234,-0.143012975744626,-0.07599695482846924,0.19192439734588665,-0.03691406197098144,-0.14605649779016236
장위3동,-0.08130343628820871,-0.2155412098476348,-0.034877153094677864,-0.1494279526463385,-0.024595854839036032,-0.08367795208117113
장지동,0.33983757349597976,-0.03129040119531105,0.046437506162595225,0.1392157945188359,-0.08804992283192296,0.15024056332449567
장충동,-0.5880894964911836,0.006152070420751255,0.04606410002766131,0.04931607649601218,-0.2617564681718355,-0.09872920591970474
전농1동,0.1267919721070358,0.22167602197853267,-0.03019643689342185,-0.020275000129064486,0.12475809308266164,-0.2188999972399539
전농2동,-0.016892738294775052,-0.25778351152777784,0.017659378965086292,0.1265016509933116,-0.02451524552286987,-0.19483585182864394
정릉1동,0.02212421276766712,-0.1824889685560478,-0.06305002905034375,-0.10465271200792302,0.09415389455546705,-0.04004129419898664
정릉2동,0.06978452392225207,-0.07577390447399698,-0.14940767735036684,-0.06302774570527803,0.11517948326428348,-0.07866310429843969
정릉3동,-0.24079422344886792,0.07227302858876046,-0.16156412313723184,-0.020361000475876374,0.025630110788364382,-0.029371663980754345
정릉4동,0.11972871069881413,-0.06474273286083337,-0.11967094059024092,-0.03590835804728504,0.10833032744140764,-0.12485287080516803
제기동,-0.023967906739532592,0.2669688711298178,-0.1441281478457187,0.1729871815897948,0.09828073676276051,-0.1797167614601437
조원동,-0.14966335564335045,0.42017899314112095,-0.033683680586869186,-0.1185010913217806,0.07612174991545863,-0.08652167596283786
종로1.2.3.4가동,-0.5491332409120602,0.7543359748224754,1.1154684139623336,0.6287049744435005,0.7277115552329786,-0.29111331000050866
종로5.6가동,-0.5781599908611164,0.16894395076460894,0.10717984848051447,0.13642011208085375,-0.08398760028614442,-0.061396741288611216
종암동,0.46127618466759085,0.14276452035345977,-0.024640068044791963,0.05046764750483135,-0.033102789716093727,-0.13590980785756568
중계1동,0.46742291410564984,-0.4072844093725899,0.19866416227335099,-0.2752093393783857,-0.029085811216910333,-0.014931685456441161
중계2.3동,0.3407189519653082,-0.02276162004829157,-0.08348918273529035,0.16981164019950054,-0.050719936816951736,-0.06821513225734695
중계4동,0.07617540631550061,-0.2117341164479442,0.003650427544172739,0.05253786539554508,0.03071063705334826,0.05960169573249694
중계본동,0.30879872121104796,-0.3873870280787962,0.17961806139658903,-0.22424044094633366,-0.05400314918807445,-0.07404094212809088
중곡1동,-0.2351862470829836,0.14061976891395872,-0.22000252090530859,-0.16520655980164187,0.04705599163011694,0.03753143374593339
중곡2동,-0.04498590172540944,0.0777763534180721,-0.15341229086571187,-0.07635172880788464,-0.0127395071980001,0.01956696993121204
중곡3동,-0.24945040046983738,-0.029641016052222486,-0.06311651463447993,0.09124367657540502,-0.15893712620335942,-0.15178325919513003
중곡4동,0.12469532838869156,0.04472827863533868,-0.24769530959090896,-0.06879478348974903,0.06444028382595575,-0.10993524628742803
중림동,-0.22890737212273374,-0.09441072414816375,-0.03809966807470228,0.0001321471370414351,0.02959993198928031,0.08297966277000006
중앙동,-0.3302047671239519,0.35564955425071876,-0.1271714527543363,-0.11322169157574168,-0.13671019395311337,-0.00622956063480222
중화1동,-0.09060046086525113,-0.12932821890583382,-0.07984246419785328,0.13775902454718636,-0.09226825461969923,-0.16190773014015547
중화2동,0.004992255526099121,0.1738735236484254,-0.22033357715601606,0.08379888995014426,0.06632399718259599,0.052787129292272396
증산동,-0.012094529688650007,-0.11568727559580863,-0.11964678023760399,-0.05340560024044421,0.10064937551552249,-0.03513523976126532
진관동,0.7767050245022327,0.06033941182476125,0.29211682398420175,0.25894703885283576,-0.07562753375256914,0.04571731372628902
창1동,0.17530797541091092,-0.018040260418074446,-0.04156816683553098,0.05963310741164883,0.06820065105299501,0.09962196986750559
창2동,0.246220812117904,-0.0004594971716970049,-0.17289210486483805,-0.00953481506046775,0.0735943847774196,0.01818967665762385
창3동,-0.18196541663960136,-0.20722164344854133,-0.08441862570759699,0.15642357632732407,0.006727517109627932,-0.033410497523536496
창4동,0.23200842640620653,-0.12655370338967867,-0.0017598977867191565,0.05428751638169796,-0.01950093545623351,-0.009370262332596864
창5동,0.10937212847382755,-0.10218587511787981,-0.04280143274664436,0.08597573716595383,-0.036686518506897706,-0.11584044183808523
창신1동,-0.5600448932775435,-0.13127793448742825,-0.0743702431724258,0.29023993280050053,-0.024362302764813833,-0.12139885158202629
창신2동,-0.3686629931942425,-0.08333135127073965,-0.2445151783512684,-0.0002696078835616942,0.23672360275175075,0.10919175531689136
창신3동,-0.31672035290066397,-0.33433898998925243,-0.037331871122954205,0.08551532768483963,-0.028905300831821218,0.026125698838481513
천연동,-0.07854210319382829,-0.086723361199979,-0.046154342283383075,-0.02614758177405268,0.13898654061733348,-0.04076345706597028
천호1동,-0.21823988391343263,-0.12098862461330191,-0.037011299930049986,0.07160386469078589,-0.03274131274503126,0.12000016907651298
천호2동,-0.13887014173064302,0.09409545907586565,0.0025170348740104695,0.055100993956801764,-0.02042009528778901,0.1388211665714652
천호3동,-0.2923580465913004,0.06702806435625272,-0.15555016640302083,-0.014593218500085119,-0.014459663097699499,0.0149709624628202
청구동,-0.23218431051558364,-0.17718407646701095,-0.11653747090257047,0.0934913682786556,-0.04755804738306387,-0.08160940167857897
청담동,-0.1309361952233952,-0.12056376315627525,0.2629532701356239,0.06439335919494589,-0.07940208008112813,-0.06494488229306032
청량리동,-0.12379416202867043,0.02458291324023568,-0.216134526782618,0.18975173294755954,0.17318134139597255,-0.07148936128191515
청룡동,0.19135212115724243,0.6238368942199337,-0.1211717531341444,-0.08224185022155742,-0.27096026184987426,0.04278662466088601
청림동,-0.1344530269389636,-0.24322504877291115,-0.08564991774288705,-0.07582537839668642,-0.00434149914091305,-0.057255803747632374
청운효자동,-0.22176984432695693,-0.20450145656529248,0.2576842960489897,0.021002955398349024,-0.01116932794643391,-0.06165997604776978
청파동,-0.19222311184934843,0.24559327291738087,0.034787255464570926,-0.019479483087229636,-0.08650350608727878,-0.01609260110627577
충현동,-0.09062636806863338,0.14554936729692908,0.020802379201271492,-0.0508760898880956,0.07829534403360154,-0.12231010387845058
평창동,0.031395210967764445,-0.15878532567152437,-0.038205713482073356,-0.05846147188310761,0.16264950646073878,0.09841057004275697
풍납1동,-0.22473078027093188,-0.17721547860126557,-0.16057811733673977,0.06530640498393808,0.10382370668657927,0.015016846516544866
풍납2동,0.0823828311473974,-0.037287251706215524,-0.030365465929896206,-0.05500559672448295,-0.08026442163606949,-0.03247833718281424
필동,-0.6603546174704039,-0.04841079722696283,0.3920700189671613,0.4196041358812259,-0.40587329746415335,-0.25860720992889463
하계1동,0.26110484269641504,-0.008248285054964772,0.03625051619147076,0.09113561133643291,-0.0838995463032917,0.09853095039925115
하계2동,0.1645866209104986,-0.3060625253373719,-0.004596246193110591,-0.09930641119592297,-0.0037152501018166474,-0.0359863118385224
한강로동,-0.04201466837326464,0.41478233579568036,0.2776342936696235,-0.07718141135463785,0.17015339943313257,-0.02369363879922119
한남동,-0.10441596133255565,0.19263486618102713,0.012502350166723108,-0.08282129494516238,0.15672647916057572,-0.15011432533141345
합정동,-0.2155359458461144,0.20446600443807408,0.04469033996245748,-0.14012670282480133,-0.039213978655918885,0.07626856449656487
항동,-0.22775558453370445,-0.3624683407745034,0.11242913266234308,-0.16755062214234853,-0.07487883109706295,0.056460408476911014
행당1동,-0.19841505609606136,-0.03706832144255368,0.05119827201054695,-0.136770613933148,0.06685271408132158,-0.06323654639156184
행당2동,0.15077671765488712,-0.18154191378645076,-0.08716751712807803,-0.07429398253534666,0.015208161288340837,0.023816308605258706
행운동,0.05289218617787811,0.43985864308254374,-0.10905525796123541,0.01626307334358878,-0.22964007121895996,-0.012945907326593077
혜화동,-0.2196284731203067,0.2227789311007786,0.19704657604848255,-0.057720584121327134,-0.07480840544505826,-0.04704333091851052
홍은1동,0.08427410514989804,-0.09295312670025814,-0.1326160702183919,0.02204289514344869,0.06801165033880761,0.007778630511496892
홍은2동,0.24198348364989894,0.09407127690249928,-0.057663727767003646,-0.008708268828041526,0.07526663241946849,-0.032089422511507294
홍제1동,0.17336699935311706,-0.021906799387090017,-0.039986300160616,0.09406649597678622,0.011093957019802123,0.021696682564160324
홍제2동,-0.1703866793934121,-0.21210987485288052,-0.11344387983044797,-0.03522906153154798,0.11650774534374506,-0.06092584134676479
홍제3동,-0.04494699630950902,-0.10227042189387509,-0.07813919274175578,0.10491074941101215,0.05264832422340197,-0.021008741544095794
화곡1동,0.45831635953300986,0.5256533643298418,-0.07383991582218849,0.16982499285082864,-0.0823005119338878,0.1330864016533678
화곡2동,-0.07761621805609706,-0.10531921938127708,-0.09181705652032662,-0.04653040049000845,-0.03317282777074892,0.018272278740164682
화곡3동,0.06002368635215762,-0.026980007664909374,-0.1544055353027269,-0.04358689291195257,0.08656045490291586,0.0864927463376803
화곡4동,-0.020856361708562025,-0.050831492216178074,-0.0839381990010172,0.1142732175031477,-0.03623236611999021,0.008792967320455479
화곡6동,0.04522590506868707,0.20634004393996336,-0.037920197932769587,0.05973605820498395,0.007793267152537409,-0.0061223365599683555
화곡8동,0.08556992125384669,0.10350212847524749,-0.15216589667152539,-0.020249816938761343,0.06989433374078496,0.09873745590991974
화곡본동,0.34789003267587254,0.2506809674844085,-0.0596035640743949,0.12898918714566412,-0.1928472494756044,0.2399452141777616
화양동,-0.25183215726877817,0.6755366429330486,0.019691879905000972,-0.31519434139029073,-0.3017972432423829,-0.06726345699076547
황학동,-0.3184897474899101,0.16092576208681578,-0.2096365650443303,-0.19346972656950667,0.016964106363680884,0.06522001886086054
회기동,-0.45067022084107594,0.1459133004589162,0.16451130234475228,-0.015267819807992978,-0.38263268514711024,-0.11259455525699685
회현동,-0.5148087869615455,0.15139560198542978,0.28988959374226836,0.19443985974245573,0.4392400564424943,-0.1542723670119718
효창동,-0.22096338340659483,-0.14739332244622885,-0.07600841584614212,-0.17922113278430535,0.013815033668712687,0.06451315120078413
후암동,-0.173475200760324,-0.012163113692586346,-0.07910967222785369,-0.03391137973863481,-0.0376224535354096,-0.009051091874436056
휘경1동,-0.26636462642846287,0.17855960244139968,-0.08734057209529585,-0.18246797288078567,-0.011273341255824097,-0.01569593230012593
휘경2동,0.04436956169695295,0.12346798491820707,-0.07896862864962977,-0.03030592182861517,-0.13929243247271583,-0.03390530283318222
흑석동,0.2747644221471062,0.04745615758177265,0.04537784184839249,0.09991272378670286,-0.08175613972797335,-0.09331017128484817
