행정동명,0,1,2,3,4,5,cluster
가락1동,0.3137505265935116,-0.1949824759935044,-0.0594315045606244,-0.1782994943671128,0.0345244300021584,-0.0831741775728421,3
가락2동,0.4161373497371932,-0.0510236014376923,0.0359666265605614,-0.0029842450294164,-0.0784247115402557,0.0738077168587241,2
가락본동,0.1569965896337322,0.1124293846184092,0.042757900273146,0.0287428757435875,-0.0273141913010132,0.1518854196347998,2
가리봉동,-0.6126048337800128,0.1074077947540579,-0.1564758320966292,0.0515057589265501,-0.025350944733645,-0.0216204384113193,1
가산동,-0.1173597673535209,0.7954703372712937,0.1810836658929701,-0.2242428106960719,0.0098918491160156,-0.0609945329094391,1
가양1동,0.2508830525426841,0.6794891700406417,0.1922426711139531,-0.057841893982494,-0.1586082776104883,0.1906507616118931,2
가양2동,-0.3161143805331937,-0.0236226288612865,-0.2226948491419216,0.3643516362221579,0.032438335630849,0.062162147944061,0
가양3동,-0.2652073907729841,-0.0788345415785692,-0.1889031057140168,0.2669092294166847,-0.0550318041490619,-0.0433191537639573,0
가회동,-0.5048860733258003,-0.2622780940152062,0.2972434573025575,0.0119053477954115,-0.1457660543605664,0.0421397717833962,0
갈현1동,-0.1542767779373021,-0.0143240467937534,-0.1153304219925457,-0.0275421645550787,0.1080421312117467,0.0947983354322952,0
갈현2동,0.1997295674585677,-0.0174166701355991,-0.0668771647870332,0.0352088992953986,-0.0335556356088571,-0.0675271487233967,2
강일동,0.0569521242884326,-0.3137284801706067,0.1890249688664268,0.2056801071172528,-0.0749860837498241,0.0043847371791585,3
개봉1동,-0.0690586455297184,-0.0727710135959677,-0.0137703761219011,0.0153151057494396,0.1279963258119928,-0.0891527403194343,0
개봉2동,-0.0823501012595642,-0.2280634060625686,-0.0593402014915932,0.022434741757166,0.1295622312037086,-0.093041820141631,0
개봉3동,-0.2177151906314451,-0.3065351193636777,0.0389422017247492,0.208109734638885,-0.0525981577560962,0.0100843797957672,0
개포1동,-0.406953987811243,-0.5597473431023309,0.2683195414094763,-0.067675928012749,-0.1619301614162833,0.0558003439410087,3
개포2동,0.2535820117000064,-0.332082200130166,0.2351556146669052,0.0464977426201742,-0.0997761071072224,0.1667653741786604,3
개포3동,-0.3293383722416989,-0.4120750498495425,0.3242270870275521,-0.0896696631525653,-0.1944970251602546,0.2354085099589891,3
개포4동,-0.1808764947664243,-0.2519475053011867,0.0799683693099463,-0.0362594401332042,-0.0986914289591537,-0.108403927777437,3
거여1동,-0.1480408178116692,-0.1636980527413017,-0.0776313066817523,0.0741301344690175,0.0417700992421285,0.1615257249411707,0
거여2동,0.1387889924894227,-0.118572031332013,-0.0754721588790787,0.0128539940691031,-0.0219285507769929,0.079350919163872,0
고덕1동,0.0607180396234132,-0.5544961723696261,0.201624066072087,-0.0709205343609738,-0.0693120071857519,-0.0024936857039787,3
고덕2동,-0.0641664712698885,-0.3439290722832303,0.1689969760051666,0.0443864544288993,-0.0908565552199874,0.0755111411735015,3
고척1동,-0.1708725526010748,-0.1766094858591405,0.0854805707127339,0.051408965562968,-0.0644331047498642,-0.1667190037088083,0
고척2동,-0.1058880964777923,-0.2138338827588329,-0.009559904109109,0.1105925065502396,0.0587623578468242,0.0732133903576484,0
공덕동,0.3086666382001864,0.3063447681923866,-0.0616855628024932,-0.0194160565820682,-0.0499853111106258,-0.0846695305272935,2
공릉1동,0.3457381604092585,0.2521820342034947,-0.0470092232057863,0.1415448796153411,-0.1347821837445093,-0.0001382387358002,2
공릉2동,0.5874599239159205,0.1354972612552125,0.1109496210607194,0.1272141408146477,-0.2148927020119602,-0.0487842648436625,2
공항동,0.2346977815888247,0.1276998552478581,0.0740489716517634,0.0568358161022719,-0.0340857195446017,0.0198917814151016,2
광장동,0.5164027993788347,-0.2638113841186663,0.087910871582535,-0.195371050769911,-0.0883460763030164,-0.2126593487905858,3
광희동,-0.5577560560412064,0.354155830483164,0.1224251255520609,-0.0896601410925785,0.2161520653734352,0.1376279306100026,1
교남동,-0.2207074127318698,-0.1747440938042002,-0.0266783557055531,-0.214114585162228,0.1854249667520955,0.0574317429781572,0
구로1동,-0.2205034561444371,-0.3680552356314971,0.099835935554963,-0.0525325191932039,-0.1486493228546111,-0.1034170142379903,3
구로2동,-0.2693839244841464,0.0231978928998722,0.01246234437588,0.1412038794037395,0.2193427042998164,-0.0230045560593653,0
구로3동,-0.3662667067615891,0.1471598901046149,0.2163412269793961,0.0631835126300436,-0.1762376949829865,-0.1136965786067052,1
구로4동,-0.3620620600339527,-0.047022207117133,-0.0525209747617382,0.1747829671827855,0.0171463663848611,-0.0702864914712196,0
구로5동,-0.2537959431778824,0.1235036935379655,0.0628250470097475,-0.0587771674603318,-0.0288504548745334,-0.0149605540711609,1
구산동,0.3382671455112263,-0.0062054855911682,-0.0832024045363235,0.137324151277835,-0.0477809136963103,0.0358597818497634,2
구의1동,-0.0477317212684173,0.2424900009218151,-0.1245858834293378,-0.1483070943761803,-0.1050020583365891,0.0335262624794336,1
구의2동,0.1386583298452522,-0.0502544636006593,-0.0682015156298317,-0.041263187702729,-0.02782885867708,-0.093504004011123,0
구의3동,0.176991702554346,0.0150149788416258,-0.0643247391629469,-0.1839691602727271,0.0012873486063949,-0.1164180906591344,2
군자동,-0.1957375495246558,0.2111714941808297,-0.0457194277694387,-0.0235349353003087,-0.1487512617848998,-0.1024911818936505,1
금호1가동,-0.1102647282339653,-0.1912991822319067,-0.1235685117317403,-0.0760488935933712,0.066842198791715,-0.0286994895141668,0
금호2.3가동,0.0651917681388661,-0.0534600668780159,-0.1166506291577644,-0.0049606858146522,0.0087957540950584,0.0511641456592579,0
금호4가동,-0.1425687558019652,-0.1957707613644008,-0.0392820766876518,0.0253067215540356,-0.0389388155126177,-0.0606981833634511,0
길동,-0.0074952138807975,0.0391817418456049,0.0337556880947954,0.1547932707954123,-0.1239130277209963,-0.0464596277371548,0
길음1동,0.5943449872061797,-0.1670672286820365,0.1685546922729775,0.002971740692447,-0.079717718276631,-0.0827980789832475,2
길음2동,0.1149514233635099,-0.1310246040836745,-0.008266294068164,-0.1940153408368288,0.1107326157095104,-0.1259841013631576,3
낙성대동,-0.2260066936942562,0.5607190297484397,0.12505446912587,-0.080665903438349,0.0399993374923886,0.028429721959734,1
난곡동,0.0939994310789877,0.0508890317296597,-0.2099194651024674,0.0537190464345852,0.0355149034872721,-0.0017473756896989,0
난향동,-0.0745513338820413,-0.279860462637841,-0.0811526069478223,-0.0912186485643235,0.0850061144210708,-0.0189224900197396,0
남가좌1동,0.0885927070992659,-0.3122893587489479,0.0171615965509161,-0.1671204758868663,0.0473283934867024,0.0410549024470046,3
남가좌2동,0.2383743513449881,0.0818548937002665,-0.0418114792586409,-0.0550839472505369,0.0022931464246864,-0.0521223022071926,2
남영동,-0.5123097013348703,0.2577936336170993,-0.0632157197194609,0.0491820070669314,0.2830779404021424,0.1038539305177188,1
남현동,-0.1685028511774139,0.1904718260240549,-0.1072484696822691,-0.0116534640609864,-0.1108647800967832,0.0659970010141797,1
내곡동,0.1105208513106838,-0.1627297299961781,0.0807799754789348,0.1787993930455991,0.0689473964158911,0.3122768957021073,3
노량진1동,0.1937995204779554,0.3301868547287497,0.0799468713371636,0.1297879756834458,-0.0619540737335578,-0.2143172261842486,2
노량진2동,-0.4390853763388559,0.1849337553787506,-0.2055619418469558,-0.0235748359208953,0.0559470270805279,-0.0215009706774582,1
녹번동,0.4096645172307583,0.2280345586277717,-0.0230204000632404,0.2223685128486977,0.0227927146997861,0.0618365641935111,2
논현1동,-0.4213582696484008,0.3178676092022792,0.1469013460430021,-0.1446062794363107,-0.0797353876838419,0.0098318220528731,1
논현2동,-0.3040900821577182,0.1282847449033052,0.2262833682246956,0.0025975971834703,-0.0889098286836691,0.0814142475060622,1
능동,-0.3709122237484986,0.1120806876636434,-0.0161470837397923,-0.0485975139581996,-0.1743920021526906,-0.017956602396811,1
다산동,-0.2652814396630644,-0.0573371559300549,-0.058723650271637,0.0133353219823646,-0.0689536541331986,0.0687289531875346,0
답십리1동,0.1848413379270987,0.079291883784797,-0.1041213300168036,-0.0929890685451494,-0.0370221647363833,-0.0070073384375962,2
답십리2동,0.1784550167150901,0.0056139714872504,-0.1335367202687043,0.0700343887425798,0.0198334750372195,-0.0526150906584366,2
당산1동,-0.129514189581319,0.2477012527610312,-0.0532859602928703,-0.0993127346582395,0.0242045475510858,-0.0466814873743882,1
당산2동,0.3300061040152025,0.410936973516626,0.0424896165045831,-0.0624246613820468,-0.1267441602943939,-0.00492439104895,2
대림1동,-0.2168075137592056,-0.0826589319808845,-0.0974899597710924,0.0744614220911486,0.0468711875119063,-0.0243000602646445,0
대림2동,-0.3631417389926652,-0.0143274285632634,-0.1424703162511433,0.1724175888481826,-0.0763309045411298,-0.0917677892777569,0
대림3동,0.0106882681919069,-0.0352921506908686,-0.0843178324179778,0.1665092082970854,-0.0270601174524826,-0.017852797252919,0
대방동,0.3833177827286941,0.1761743896470408,-0.0154547011135813,-0.0707843831875414,-0.0156866476173603,-0.1514078132663124,2
대조동,0.0851244592806348,0.305328280878229,-0.0754025268142669,-0.0422216199188115,0.0467907938932443,-0.0193780914951753,2
대치1동,0.2447297857885215,-0.6698222599483089,0.4014721584987589,-0.19315671540277,0.0238046234853659,0.0814611478040144,3
대치2동,0.2096438739669508,-0.3314151085636627,0.323847318488868,-0.2296918234976163,0.1319221268562264,-0.0620139729573987,3
대치4동,-0.2617232709612806,-0.0032605282401526,0.2870972171675351,-0.2470419423938213,-0.070605704242922,-0.0071503821112376,1
대학동,-0.0785979367102115,0.5506042927187074,-0.0506002570476313,-0.0930757996438911,-0.157555361372736,0.1122577053196684,1
대흥동,-0.2937140825183316,0.2415501421755134,0.0940229646588223,-0.0453935427187839,-0.137475922684436,-0.0932180364178187,1
도곡1동,-0.1058840692234017,-0.2757525032917446,0.1893272047797254,-0.0286765730080603,0.0143598100576633,-0.0349472603731079,3
도곡2동,0.1730264730797885,-0.4040663899352781,0.203404373960257,-0.1046657714184258,0.0319349568104311,0.1435449218504915,3
도림동,-0.1675829097576216,0.0774083575124998,-0.1704476691185117,-0.0471062031412012,-0.0020515775434048,0.0109028760819855,0
도봉1동,0.0142945822355198,-0.0478724100588061,-0.1329748253572142,0.371851664680917,0.0565993358034206,0.19061397078513,0
도봉2동,0.1775417419763523,-0.0233922286489262,-0.1984129409568366,0.1777503880970465,0.1411034850210523,0.0661852830314437,2
도화동,-0.0117456783069169,-0.045748842487361,-0.0435563848967119,-0.0232865021493117,0.0052629462973819,-0.0646380399560523,0
독산1동,0.4214185233916214,0.5007730788304722,-0.0107505098075416,0.08692013292743,-0.1243548603164884,-0.0761099771694789,2
독산2동,-0.0836421084775957,-0.0026472741240187,-0.1044652015266509,0.1481918650438572,-0.0016468329155491,0.05445970375116,0
독산3동,0.0386659281350033,0.1749972406136081,-0.1164810936613972,0.1420014978556978,0.0185644309394655,0.047513090107484,0
독산4동,-0.1677954918349826,-0.0317505929043532,-0.1495066589694072,0.073601728482541,0.0608982360275969,0.0960089300787368,0
돈암1동,-0.1071206097052736,-0.2568931200644861,-0.0388892549408837,0.0656457224821921,0.0230994289296467,-0.0776525260688684,0
돈암2동,0.1809722106249496,-0.3265111101509737,0.0077719007921891,-0.074944157436797,-0.067045944119962,-0.1976293763907372,3
동선동,-0.3565348982240948,0.3113359291511217,0.2622724547775575,-0.012376400747531,-0.1902853148452476,-0.2052147999649927,1
동화동,-0.1780981825469796,-0.3210357681114898,-0.0881128258455526,-0.0924923561039181,0.1276822285494986,0.0704532807691921,0
둔촌1동,-0.6217200320297782,-0.141444088803312,0.1880446620363219,-0.1262602787145835,-0.3628754003581917,0.0621020270876032,1
둔촌2동,-0.1614497435665747,-0.2300021360318243,0.0696052124401112,0.0789155249335401,-0.0147655025699148,-0.0601949218100379,0
등촌1동,-0.0065514054511045,0.3482641816996012,-0.0966656615226331,-0.1642429865524829,-0.125765662466925,0.022034088157216,1
등촌2동,-0.030844271724259,-0.0967516972327175,-0.0946671468079807,-0.0535659548515733,0.0008152962696352,-0.1415209670555632,0
등촌3동,0.2060113591597667,0.1255278270096492,-0.0236162929052407,0.3294412925304594,-0.04861038876973,0.0017251119342372,2
마장동,-0.0184116989134149,0.0309966152189125,-0.084627156707662,0.0868136161205094,-0.113503669703914,-0.0494890915548743,0
마천1동,0.0394979944220595,-0.1051659613542835,-0.1210858484521743,0.1701597303815084,0.0896791402243823,0.2701252949087937,0
마천2동,-0.044876669275525,-0.095513593438797,-0.1255957179384033,0.177867676890562,0.0946870431830035,0.1270045014493878,0
망우3동,-0.1551278284902524,-0.0576116696904067,-0.1396002285688799,0.1480910699083954,0.0775000476626436,0.0279368940641369,0
망우본동,0.3363375704110418,0.2601126765898389,-0.0611870980977533,0.1471349849768766,-0.0195567367560928,-0.1016910632700972,2
망원1동,-0.0912038103690919,0.1407531307249153,-0.0973780891763185,-0.1827700811228446,0.0496745766282774,0.1008249871816397,0
망원2동,-0.0587767239251636,-0.0773201701230802,-0.0318954666030556,-0.0943719868703535,-0.0113704509098387,-0.0149167001851099,0
면목2동,0.0066338840138609,0.0176398026250874,-0.1322268947778163,0.1093384096262325,-0.0555116538216614,-0.0630550469464311,0
면목3.8동,0.0531218469475719,0.1114787749155848,-0.1611662212189816,0.0372882018322232,0.0681653595589876,0.0630741408241075,0
면목4동,-0.0758293477232598,-0.0784241059672606,-0.1636496647584753,0.0524716208945744,0.0422590185816586,0.0001712037382614,0
면목5동,-0.1017429745604962,-0.1367357416342349,-0.1536325427826655,-0.1570289076973383,0.1207813328184567,0.1132977491778867,0
면목7동,-0.0393511267103773,0.0255484365187399,-0.2173092335470956,-0.0087634133062758,0.0946471764286288,-0.0593071013989232,0
면목본동,0.2314836245757023,0.2531278741049503,-0.1662741950862605,0.0857651162218866,-0.0204803714511536,-0.0555763690286058,2
명동,-0.5235481186847354,0.38090505513953,0.775273274304337,0.175096515031623,0.4169587006759596,0.2145797167089095,1
명일1동,-0.0184974358487875,-0.2523512346938535,0.1014679043347448,-0.0284631293790838,0.0709470907250149,0.1807328532832855,3
명일2동,-0.2218794416088472,-0.5616606750721312,0.4107895618277765,0.0977258124943635,-0.3510877831975734,-0.1270952527622857,3
목1동,0.5072677511393054,-0.2143117629226356,0.2272391025667972,-0.2529241226690022,0.120059667903366,-0.1978715939209803,3
목2동,0.20742306038357,0.0658140282985402,-0.1173797352842807,-0.0773006391966532,-0.0511497956657938,-0.0637040213422028,2
목3동,0.0092883624825631,0.0313511646879953,-0.1036277237334795,-0.08527025191054,0.0329977060426785,0.007255702545686,0
목4동,0.2352553301673516,-0.1274420234751942,-0.0205558317668214,-0.1793938051918285,0.0180063990676981,0.0004604341724274,3
목5동,0.7944651277134304,-0.2583563780095822,0.2239359268740469,-0.0204761837425384,-0.1510979972211887,-0.0748223712906012,2
무악동,-0.1552212770353939,-0.4877484039038468,0.0674836596314958,-0.0544342959436626,0.0487908572787431,-0.0026795797669436,3
묵1동,0.3859483715119584,0.0684312439997138,-0.1191039219524202,-0.0210093969698125,0.0151681555931264,0.0140196901736579,2
묵2동,-0.1244229077445941,-0.0646098516492783,-0.1764031188462971,0.0438050535410376,-0.024065487848733,-0.075568360610495,0
문래동,0.3647312743672604,0.0836169794597851,0.1497462336125876,-0.067470044175296,0.0920951747329976,-0.0617371902217097,2
문정1동,0.0179529026107588,-0.0661507144627591,-0.0954081610093113,-0.0775483313905292,0.0326025218761296,0.0472283278782804,0
문정2동,0.164355520033717,0.5209261460525151,0.1848580699431724,-0.1087106080922472,0.01627480202289,0.2008874346452717,2
미성동,0.264826528428027,0.1427057963147198,-0.1108423343790386,0.0782367885823658,0.0500857171391351,0.0632933902656914,2
미아동,-0.0389410253620677,0.1626729983892841,-0.1834859496781797,-0.0049315401499064,0.1371252747109651,0.1012795962761279,0
반포1동,0.4185170334178961,0.0730896668564035,-0.0193374382669934,-0.1795060631980176,-0.0719149103682398,-0.027860634752861,2
반포2동,0.1548655926153754,-0.5989372151336301,0.2533404133646567,-0.2450316566315602,-0.0360203009645452,-0.0439872854062369,3
반포3동,0.3248671191366548,-0.3207594596238565,0.1118096942245078,-0.2298556506069809,0.0624371872693625,0.0551917274618926,3
반포4동,0.1312493623054123,-0.1356862928262562,0.1685174296452356,-0.2605233688926496,0.2385963917197691,0.0150899384394727,3
반포본동,-0.4601075791705722,-0.2375861555688863,0.1692476102051003,-0.0170536568185982,-0.2758820324889989,0.092828570414931,0
발산1동,0.5842981576811049,-0.032794254474533,0.2089469831232432,-0.0384676608901251,0.0196229024075868,-0.0288442112378827,2
방배1동,-0.0855916578440982,-0.0736880825250533,-0.0507229512783877,-0.1823347771401337,0.084960049794506,0.0034674035848096,0
방배2동,0.02259100237572,-0.0672799982940176,-0.005052601187531,-0.0694370125081161,0.1238290038883373,0.1386690103612806,0
방배3동,0.1003240016130728,-0.3006553594484318,0.0572663855038454,0.0617696001796928,0.054492421343922,0.0534012303005915,3
방배4동,0.1370424565182333,-0.1105493149132949,0.0489568275706716,-0.1759433561540777,0.0201950273210567,-0.053128972790897,3
방배본동,0.1098826127882254,-0.2675263558492068,0.0755996871674217,-0.2733674432423476,0.0218448963292253,-0.0024484878453035,3
방이1동,-0.0569802503999569,-0.2503378630274074,0.1194080778541924,-0.0807205311024249,-0.0873992360919166,0.0550041373291758,3
방이2동,0.0038388060305878,0.3888575295444647,-0.1071207377581655,-0.1341933866686376,-0.1094266047831252,0.1340043613028573,1
방학1동,0.2450633531822214,0.071003837493925,-0.0367646455806063,0.1931640349004584,0.1294214819921867,0.0907935882723993,2
방학2동,-0.0242096099512871,-0.0768835311242703,-0.2102299865519576,0.0671297768126296,0.1617443917545899,0.1039454390252051,0
방학3동,0.2644529286778126,-0.2561763714835535,-0.0478274508625942,0.1229345912623952,0.0459795400747471,-0.1008173087619199,3
방화1동,0.6457979484188319,0.0654151351548358,0.0313436167110603,0.1300481839626135,-0.0900871017248622,0.1347646923564748,2
방화2동,0.0106855244532211,0.1031644200944103,-0.0907736787346278,0.1596184157202527,-0.0346131701739476,0.0627993899521654,0
방화3동,0.023179875642371,-0.0467243107356884,-0.0866286511187409,0.2397150685065451,-0.0746239867735021,0.1621379448976764,0
번1동,-0.1559122700629036,0.1760231991087688,-0.0611870118438177,0.0640474090459632,0.071989817055179,-0.0564210793440293,0
번2동,-0.1404044623631703,-0.1115447291355397,-0.2109205763423847,0.0696967506548085,0.2044427392044621,0.0547463691074505,0
번3동,-0.0824833025521536,-0.1916551660908501,-0.1598449062659502,0.161676968845995,0.1640722186363276,-0.0191131669475823,0
보광동,-0.3034734638050286,0.0093700128563126,-0.2150902483045341,-0.0427313164238273,0.0980252243789181,-0.0168474791448222,0
보라매동,0.0075307112801703,0.1964722282484518,-0.1746562947687493,-0.031748626455854,-0.0100370646235666,0.0269189375885247,0
보문동,-0.1861854077327659,-0.0109019748563608,0.0711707829403815,0.0901625501101362,-0.1453986532075343,-0.0874801825660614,0
부암동,-0.2838281855994869,-0.2778049034124568,0.1126474280669463,0.1031128837563818,-0.064303250736735,-0.1836132707053313,0
북가좌1동,0.0571369254439518,-0.3084752491430748,-0.0326090799461412,-0.1415552277021377,0.0836613061183357,-0.0007814925508032,3
북가좌2동,0.2649710580070067,0.1031814591581142,-0.1507924854775875,0.0157739218003355,0.0927537715349865,0.0148064564625484,2
북아현동,-0.0679132069067981,-0.0789717211462474,-0.0581195885254637,-0.0577077393384877,-0.0107044602806676,0.1187551123243928,0
불광1동,0.4892665779595584,0.1879819625147121,-0.0983182760654115,0.2074094734974075,-0.0105856192415315,0.1159250527104211,2
불광2동,0.1202882593876209,0.1333074633379389,-0.0802737659322925,0.24222397331886,0.0397127606393538,0.0054691979239124,2
사근동,-0.4130547980749335,0.26146247144805,0.0434382643791629,-0.1035824200554429,-0.3598575956344317,-0.0439555780441223,1
사당1동,-0.1221999211310976,0.3394894730808094,-0.1608363394358644,-0.0918889156357608,-0.0588436137037954,-0.0279608417346016,1
사당2동,0.1907962407130144,0.0579067840586814,-0.079501459380393,-0.0236091346629007,0.0889160811298351,-0.0550624885722788,2
사당3동,0.1065126619231951,-0.0601527492625908,-0.1049993202669059,0.0202276769123504,-0.0162799162279958,0.0365458795593757,0
사당4동,-0.2202013588949386,0.0315649896868309,-0.1790991422878998,-0.091033329156128,0.053729723286473,0.2197277617905975,0
사당5동,-0.1695941328032249,-0.1347899659575091,-0.025174650624733,0.0863140151247498,-0.1564123154358734,-0.0229982873624526,0
사직동,-0.286208440975935,0.1018262858134112,0.411690658404067,0.076276934407017,0.2246005825826608,0.0464774881234361,1
삼각산동,0.4238306803480693,-0.1877011416070668,-0.0713706463316439,-0.1615475081943795,0.0469467888593281,-0.0163373306401286,2
삼선동,0.0181107948757412,0.2215979590133264,0.1037601170187945,-0.0223737576503849,0.1634888574836734,-0.0570305322302286,1
삼성1동,-0.2771555429069268,-0.1766384120646042,0.3239436751151215,-0.0070970034746443,0.0746948854207168,-0.0554136267243839,3
삼성2동,-0.0749906616438939,-0.0720435194883615,0.1952134682211679,-0.3261264342552578,0.0629247691903107,0.0114905671246553,3
삼성동,-0.0215445612696047,-0.0748745430924913,-0.184679859790244,0.2121723816580007,0.1283643080871077,-0.0313783539659341,0
삼양동,0.0742897132671088,-0.0539370990497812,-0.0997757595517812,0.1434979072840875,0.0084445276468029,0.0217428292016808,0
삼전동,0.1523002408927883,0.2833722207696557,-0.0676004152745905,-0.0723245603366783,-0.123800345828765,0.1045878247349049,2
삼청동,-0.4508025700004836,-0.1296023607919063,0.112984374397103,-0.2396013367417645,0.1693967515586242,0.2312353715207315,0
상계10동,0.0360787444654506,-0.2271276316448804,-0.0206106135615842,0.0238392196098381,-0.0831658846635,0.0025393955976768,3
상계1동,0.5087517012881202,0.0306371226102906,-0.0754278830703049,0.1754932245119281,-0.0436903422706955,0.0553679195555595,2
상계2동,-0.0407309217558061,-0.044726663802264,0.105276527392211,-0.0779267012195567,0.0741029227547242,-0.1209280826665603,0
상계3.4동,0.124704535130158,-0.1027014383562284,-0.1506350418441609,0.2052200814424511,0.0389724354830914,-0.0199060335187442,0
상계5동,0.0611761828487452,-0.0566235522050691,-0.1922680709953421,-0.0157956409632381,0.130779631765302,-0.0643851140594383,0
상계6.7동,0.4196533212664299,0.0462551349630012,0.0734008387047454,0.1890541337490855,-0.1012308492612092,0.189549716140216,2
상계8동,0.1575955710051574,-0.1849139079554906,0.0774132826665346,0.0359482162408778,-0.2368353663822272,0.1619324744090576,3
상계9동,0.0658153464819656,-0.248534669069132,-0.0015203954565741,0.0659255401403111,-0.084096438313927,-0.0010247052632244,3
상도1동,0.4221113076997985,0.4102204123883389,-0.0157965015890651,-0.0025339686386282,-0.029339255502279,-0.2395837033948983,2
상도2동,0.2263523680166972,0.0958122424643585,-0.0737242861849661,-0.0582115984696661,0.0072652688345341,0.0826725591260985,2
상도3동,0.0554703295792974,0.1260070567320804,-0.1922316839700908,-0.0401649478026453,0.031880995166188,0.075224638877716,0
상도4동,0.1043490642135943,0.1025200445456571,-0.2039562251461352,-0.0279801293796375,-0.0298387995608211,-0.112515023272281,0
상봉1동,0.0916875464840348,-0.0768750479335944,-0.1232279255564205,-0.0719843433012401,0.0593824450892977,-0.0987486105304617,0
상봉2동,-0.1594609183233762,0.3395437547011706,-0.1354096282468595,-0.1225806156502688,-0.0304078610525011,0.0343272719078998,1
상암동,0.4897695113792785,0.1501845768744073,0.4931827212892118,0.1752697789194464,0.01958604527275,0.2418237413214633,2
상일1동,0.2160130680463806,-0.3736082530155494,0.2391377562221402,0.074642015372237,-0.1436701217016489,0.0405767632361772,3
상일2동,-0.2001570657526255,-0.3660145959965042,0.196733702024009,0.0274361961667456,-0.1376436095659782,0.2011392635765614,3
서강동,0.0934505611358528,0.1964211682304733,0.0478268159950345,-0.126106160729652,-0.0210867017319217,0.1889227514662594,2
서교동,0.0319449633289148,0.8823730761310936,0.6505186816107064,-0.093045277765079,0.2666446588030205,-0.1267727535922482,1
서림동,-0.1006524867831737,0.3673804998176564,-0.142979033081781,-0.0272901297573324,-0.1759217418944341,-0.0130171984600055,1
서빙고동,-0.0990688805035751,-0.2738391922877907,0.1230669839062445,0.0076897043924025,0.0806717558335222,-0.0398087197716544,3
서원동,-0.0820963369596253,0.5494225554456104,-0.0438094366844642,-0.1393324360438405,0.0170676746885121,0.0329926119501573,1
서초1동,0.0001160256275765,0.0394559469610453,0.1033413355983003,-0.1970940252321648,0.0153040125453695,0.0371194979031169,0
서초2동,0.1815511866943991,0.1530541498888574,0.1454355749608532,-0.2138858038809394,0.0505872827642316,-0.0432191496379234,2
서초3동,0.3228209105167404,0.3380026913749439,0.1383437120707489,-0.1231890400298385,0.1015861957203939,0.0271617126545783,2
서초4동,0.4078713073324748,-0.2031082260811994,0.1140191844714236,-0.2000010505177184,0.0097185503185093,-0.1240569108359077,3
석관동,0.2804880883026967,0.1426226488141993,-0.1787453903551982,0.0842025725004911,0.0388717077635896,-0.1065245482341526,2
석촌동,0.1778974922614268,0.3525531877455933,-0.070643192190211,-0.0654023599657411,-0.0491692019519439,-0.0131241914670731,2
성내1동,-0.2069673001958788,-0.2567916257312838,0.1280960723844577,0.0105252534886991,-0.0144854866209193,-0.0093477936148093,3
성내2동,-0.3189229237667849,0.0987223673233979,-0.1693048110064653,-0.0986449538396795,0.1668129564091449,0.0478114992399276,0
성내3동,-0.2418869146072336,-0.1250577739224825,0.0203075446383702,-0.0625094126760493,0.0095779442417694,0.0809414889770339,0
성북동,-0.1811978048859678,0.0434312011245784,0.0373558429261892,0.0140994658254077,0.0133885655823444,-0.1207581834877736,0
성산1동,-0.0781227408309383,0.0363378750274644,-0.0255485318191013,-0.0223169610641356,-0.0864384999870166,0.0100921914355214,0
성산2동,0.4755591403194089,0.2996780134159839,-0.0178542324261224,0.0986273512076401,-0.1316234730723757,0.0832899067060942,2
성수1가1동,-0.1609263833429603,-0.0784313243479273,-0.013953446313811,0.0384538602586787,-0.1389811534406836,-0.040063066700666,0
성수1가2동,-0.2549133093016843,0.0135184366395554,0.0258565266601162,-0.2627260970935223,0.0778695488705251,0.1594553586645801,0
성수2가1동,-0.1896439145088775,0.0110747828420282,-0.0688192498385993,0.0400045023600443,0.0226577073885607,0.1750070457946429,0
성수2가3동,-0.2687958024654127,0.0632904727337455,0.1494922033277339,0.0579302718471305,-0.0597011064880627,0.3461989811991731,1
성현동,0.217318578241375,-0.0871623278840013,-0.1343126890322048,-0.0455130732478277,0.0220160527131766,-0.1933407977904434,2
세곡동,0.2974093192034323,-0.0669530766006727,0.4019765091154679,0.3994289263278455,-0.1826654661014396,0.366120464100925,2
소공동,-0.4818101771110457,0.1170685662704691,0.6351304579049076,0.07380092092217,-0.0138908084969589,0.0522395121487226,1
송정동,-0.3607695333400671,-0.0458946164314734,-0.1420863244695641,0.0244916265795074,-0.0330985418303172,0.0293463408610738,0
송중동,0.2174603240789437,0.2106103614750894,0.0670966363867925,0.1358825596250854,0.1388307873853215,-0.1440082759285913,2
송천동,0.0511293535183211,0.0971129069513672,-0.1955600557392144,0.110796457799791,0.1588492395444241,-0.1025575645280757,0
송파1동,-0.0043358046291234,0.235825518501227,0.0145729921286919,-0.0550759709269455,-0.123841017443746,0.0824721028990269,1
송파2동,0.0798149395603372,-0.2446298106816939,0.0278258891905953,0.0153106866828893,-0.039013070829973,-0.0104448993104297,3
수궁동,-0.1322853105000199,-0.1833456625521848,0.0544985465191043,0.0832378223454796,0.1855779296244712,0.0369851666864865,0
수색동,-0.1405365079979902,-0.2484627078853324,-0.0489238710321643,-0.0339404752935559,0.0236477654186431,-0.0629871494315151,0
수서동,-0.4476896479688026,-0.2153938842737546,0.0616187233776505,0.6372749471345661,-0.0774942678583074,-0.1786377295049578,0
수유1동,-0.064479390953416,0.0364534783272471,-0.1181901517935157,0.1055332907372028,0.0506583969811408,-0.0538596627086761,0
수유2동,-0.0057883244614607,-0.0584943385765689,-0.1668203347800895,0.0936479417971647,0.1210677526282046,-0.0252999118680961,0
수유3동,-0.017614390936647,0.3594120340503478,-0.0128679175576684,0.0781460539481736,0.234254824194134,0.0124194516106289,1
숭인1동,-0.4918601034751861,-0.2194703393976941,0.0260888632704848,-0.1108019167110444,-0.0392288212604713,0.1848569132707609,0
숭인2동,-0.4554231168374084,0.258901445784203,-0.219560263065968,-0.1471631496119016,0.0305692062297433,0.0715056186211759,1
시흥1동,0.2752414764291631,0.2657822726666641,-0.0210205062554542,0.1024292601319135,0.1177476433299864,-0.0489081050806479,2
시흥2동,0.0595518784264601,-0.309207149095635,-0.0589483336984218,0.0877817175325576,-0.0062349953003866,-0.2137299431191941,3
시흥3동,-0.1913483057396981,-0.2499438720290094,-0.1080052068088061,0.1435143796019363,0.1002434646436522,0.1297803012357472,0
시흥4동,0.0486912475932054,-0.0848759516934114,-0.1859570253146796,0.0812068902461948,0.1289395748158097,0.1916927963231993,0
시흥5동,-0.0792863682517855,-0.0837378932696187,-0.1370506063811547,0.1425440430939672,0.0692730725653778,-0.0418435475612198,0
신길1동,-0.1730725631369998,0.2255161433050366,-0.2087607833355233,-0.0887451536218341,-0.0073941294708172,0.0199877667462527,1
신길3동,-0.1317392371951928,-0.1348824378489129,-0.1118936874498209,0.0424585805404181,-0.0034760511153903,-0.0948398680751839,0
신길4동,-0.2412225528993167,-0.2090612974439906,-0.0785108360532139,0.0689857383903402,-0.0469589322206456,-0.1254206732822133,0
신길5동,-0.2594926360226587,-0.216731524111197,-0.0621654745238481,0.0188308672362499,0.0608385476242661,0.0161751143518371,0
신길6동,-0.1126956083801684,0.0150813032250322,-0.1145392835196708,-0.0427450685397126,0.0064621067660632,-0.0754077316876629,0
신길7동,0.0638320432323274,-0.1747588303745726,-0.0348411607897834,-0.1652103456475133,0.0064562615443707,-0.0907003515771454,3
신내1동,0.5665202224183492,0.0164527653228866,-0.0431026043577381,0.0444181432927853,0.1255745933522884,-0.0715448416178725,2
신내2동,0.0148703602986434,-0.1902216947952081,0.0223044619793472,0.2763737704830185,-0.0981408578289868,-0.1094022677567627,0
신당5동,-0.3361058960293965,-0.0457376947603758,-0.1085452123988064,-0.0052573702690729,-0.0275048814730422,0.0183220129460745,0
신당동,-0.5361046981952442,0.0930519062056602,-0.0342689674897449,0.0330634751769006,-0.0624386428010419,-0.0281683939819941,1
신대방1동,0.1089786245226572,-0.0855847865399682,-0.0518734356119406,-0.0206476788766784,-0.0753033499063527,-0.0267540587102504,0
신대방2동,0.0095742614755055,0.0775277745421386,-0.0723907663894558,-0.2248899716589989,0.0118297535529632,-0.0271200062262082,0
신도림동,0.0562774132346287,-0.1734916808181305,0.169506662837656,-0.0199303791352051,0.0461070650247988,-0.1255178275727117,3
신림동,-0.2348588375893588,0.7314659096716449,-0.1281654732688943,-0.3467793188687791,-0.2694037214340607,0.0291215360064552,1
신사1동,0.1566792564067471,0.0019571034056114,-0.1545233775764559,-0.0260182242655361,0.072730689378809,-0.0895147743456399,2
신사2동,0.0242390162268039,-0.0901325604132958,-0.0089808846895826,0.1621561179783486,0.0113147621948612,0.0373533557247878,0
신사동(강남구),-0.0581411329464305,-0.0575615020582859,0.2758130649517372,-0.1485367415745595,0.0277425634408374,0.2587130334653684,3
신사동(관악구),-0.1435433902783364,0.3425230493725972,-0.1902595309092812,-0.0888908355703591,-0.1610597593632324,-0.0323260015321745,1
신수동,0.0437763761347716,-0.0311795537119362,0.0112671385858543,-0.1456237235322433,-0.0089633833888162,0.085525547762428,0
신원동,-0.2652057705978125,0.2163472948610771,-0.2262033290935881,-0.0501522584599907,-0.1544203113119253,-0.0309193209717674,1
신월1동,-0.0400679075121787,0.003559946236963,-0.226767044197183,0.0563813348755472,0.1222479841003002,0.1132662668098274,0
신월2동,0.0836012574846179,-0.1567298564699902,-0.1224853999309988,-0.0447039734669586,0.1101500837944487,-0.0048936935318346,0
신월3동,-0.2224385812729677,-0.0868324955682258,-0.1202303134877048,0.1328264591393562,-0.0471486932367029,-0.004996079483037,0
신월4동,0.0491798849650667,-0.2945286809107749,-0.0304668074676473,0.0586153917271424,0.0395478346431408,0.0212934300177877,3
신월5동,-0.1139353848131822,-0.1892778184795939,-0.0642330806009487,0.0256798566082357,0.0003934152323649,0.0309220734439762,0
신월6동,-0.0409272855513455,-0.31836789313364,-0.0455918451151282,-0.1454597015490539,0.0378964085454428,0.0027504263266923,3
신월7동,0.00057075625657,-0.0746906115101094,-0.1121081696208289,0.1977149436401923,0.1126320871242512,0.1329293440118547,0
신정1동,0.2416511103490706,-0.3556725796249906,0.155437878547573,-0.0839793179621371,0.0174244055603439,0.061488742095062,3
신정2동,0.1516055488376015,-0.4025611640146177,0.0639109246488599,-0.196896048817537,0.0204152350230286,-0.0273733282760746,3
신정3동,0.71034517515903,0.0084140220568188,0.0758823809109296,0.2307038835678096,-0.1101229750737233,0.0557199046654789,2
신정4동,0.2965336323068018,0.2323999387573726,-0.0215343362483966,0.1346158867388435,-0.0528477985454009,0.0872691567596471,2
신정6동,0.3687971296707844,-0.3453667708936934,0.0946033576090922,-0.1655910773700783,0.0735132654003828,0.1046726085800898,3
신정7동,0.3072560415804579,-0.1899673638365456,-0.0629316166386219,0.0183221810472891,-0.0023069085488015,-0.0771817551873355,2
신촌동,-0.2148688469282199,0.7668563428827219,0.4299209978529935,-0.0924623459079349,-0.1340073769189175,-0.1676159807415735,1
쌍문1동,0.0117493769739225,-0.1446940511242819,-0.0294916288648682,0.2346297284974209,-0.0501711785940104,-0.1092861308204622,0
쌍문2동,-0.0600734693916847,-0.0932521598520059,-0.1202540863925395,0.0523674189888742,0.1103315263009783,-0.0586929697943107,0
쌍문3동,-0.117012946184414,-0.0067754346343014,-0.1991738209121447,-0.0717105932404701,0.1453574868357877,0.0865906670403141,0
쌍문4동,0.0368089260069062,-0.3360844852758136,-0.0017805188284376,0.0472198235134242,-0.0431831085919454,-0.1180595054882392,3
아현동,0.2636589005515291,0.0535182614489423,-0.0334953360503647,-0.1583510266296427,0.0538734132483562,0.0245357556664318,2
안암동,-0.3427079323646503,0.3663255349921833,0.0519956437450344,-0.1967542738816274,-0.1172584843839076,-0.0121111184977115,1
암사1동,-0.06535064820351,-0.0646848846244219,-0.0989955312720188,-0.0187835892929744,0.0668461322471701,0.0513452155361648,0
암사2동,-0.3102383363158847,-0.3020970380661852,0.0999005458411177,0.0748524812700546,-0.095465507177353,-0.0499175006155161,0
암사3동,-0.1031156574829535,-0.4668004110017893,0.0733919590620257,-0.1831236358920735,0.0816114207643708,0.1516333210998169,3
압구정동,-0.0441747248334118,-0.2002879494791971,0.2540301058361066,-0.0948217609430402,0.2268121194765097,-0.0229021529105365,3
약수동,-0.1267150868158122,-0.098370792933216,-0.2217084874954043,-0.006583905668492,0.1766961726514402,-0.0079794419468824,0
양재1동,0.7933893352707608,0.2607349807611615,0.3656533111103003,0.408048084638611,-0.0680851322018747,0.3757111707323813,2
양재2동,0.1413822765253041,0.2561079526654545,0.2089015712390101,0.0931769313082189,-0.0281230929482817,0.4850043377242553,2
양평1동,-0.1842085033948965,0.1400431055040266,-0.0213159219488454,-0.1229956157836859,-0.1640862719311105,-0.0644287911531403,1
양평2동,-0.0207738609096059,0.1570104745851479,0.0557445226754918,-0.1193818397362029,-0.0952498702122742,-0.0416786035357487,1
여의동,0.4292051344864596,0.3537691794650573,0.5393714166918034,0.0229971802853503,0.3723150941600103,-0.3170409890132858,2
역삼1동,-0.1949307354339109,0.7551746392362356,0.4822988793723493,-0.1597644272980899,0.1194738030484568,-0.0215481606720799,1
역삼2동,0.1721555504382872,-0.0810994567872772,0.2723670837707918,-0.2049725214587859,0.0047677046220075,0.1508015208218388,3
역촌동,0.5106023531981785,0.2180896972362025,-0.1443584801469647,0.0761672047587378,0.0312737614552181,-0.0124659947019638,2
연남동,-0.2793813191003562,0.2417512392984943,0.0547409771452784,-0.1417795383199264,-0.0309405854112303,0.0373205630054837,1
연희동,0.326553530333481,0.5303745952002246,0.1282356304506637,0.0197889660892234,0.1198956819550397,0.0247132808092077,2
염리동,-0.0682234174026918,-0.0893444764861346,0.0409439667244702,-0.1732096470612636,-0.0741273947978712,-0.0225534293314437,0
염창동,0.5844544905864788,0.0941816569051294,-0.0342270223163085,-0.1760817815252004,-0.0610416097700107,-0.1170463981423387,2
영등포동,-0.0006512069936046,0.8196156108053975,0.2254467852495681,-0.0787021334823588,-0.0212988065456971,-0.1543152847243929,1
영등포본동,-0.0611786015644899,0.0442272363418781,-0.15010573195699,0.0186897140494118,0.0434610065391685,-0.0413498077541637,0
오금동,0.5774168181787219,0.0943790326660001,0.00683390284304,0.1984583562282813,-0.050014064581647,0.209734918390007,2
오류1동,-0.3646203310603693,0.0023931141963495,0.0070756093257156,0.1312988521323435,-0.230778728093013,-0.1041844235545707,0
오류2동,0.0677308372386708,-0.2807854829990273,0.2289918688296458,0.3858564284485865,-0.2361458515910201,-0.069921386305703,3
오륜동,0.1150864027499088,-0.505156588146096,0.2254046151622076,-0.1252927324316579,0.0231622897255257,-0.0772407473320334,3
옥수동,0.1464785407027808,-0.1054749991374769,-0.0900369833467223,-0.0096683714192488,-0.0474604906834498,-0.1182404344431753,0
왕십리2동,-0.0951863517358023,-0.0995789249374824,-0.0800630865255138,-0.0306299505150191,-0.0467325327352347,0.044464102061817,0
왕십리도선동,0.1566784964208087,0.1118188939235281,0.0131292254852257,0.0238609402280551,-0.0554967794340285,0.0350087029641876,2
용강동,0.0937793107040807,-0.0742966301509883,0.1053839085951536,-0.0785987162219178,0.0143198058524723,0.0742976840555212,3
용답동,-0.3682369819286455,0.187158236036716,-0.0867414263414791,0.0039416755569157,-0.0439566965368593,0.0411583654793508,1
용문동,-0.2474874767515044,-0.1296575916439029,-0.1337905494165754,-0.1031047931158612,0.0803612739743468,0.0344825628652044,0
용산2가동,-0.3960163711848224,0.0137510695475623,-0.1390387066175444,-0.0275806091319562,0.1097524615031596,-0.0248454322749427,0
용신동,0.3144871035888355,0.5290687915447079,-0.0117415934091341,-0.0087110749383261,0.0729330899432729,-0.0707573576010631,2
우이동,-0.0313986354533911,-0.0556283632632047,-0.1577082139742312,0.0396952205283406,0.1610155565750631,-0.0273310970110524,0
우장산동,0.67909426648042,-0.0040293701818765,0.0317795784004681,-0.0593843633106439,-0.0160897980437823,-0.0151228037468504,2
원효로1동,-0.1602457489082241,0.170085586521457,0.0219232789391306,-0.0846105002177297,-0.1249969250835869,0.0589056638618425,1
원효로2동,-0.1854870216071615,-0.127766994058498,0.0238902995853074,-0.0234562378693225,0.0053560739181629,-0.0293581462750267,0
월계1동,0.0199923694013391,0.0358774780400194,-0.0380104197275413,0.0374568721634583,0.0422824398264153,0.0662491479025273,0
월계2동,0.1751837682101417,-0.0967449324952592,-0.1131579962291606,0.2191428333883264,-0.017245716252731,0.0088723549852063,2
월계3동,0.2104553398233645,-0.0636935246371485,-0.1172124785682094,0.1334637804957781,-0.0552974070808783,-0.0900234956439208,2
월곡1동,0.2353709956441608,-0.0973989579553224,-0.051326452239318,-0.0303039873329638,0.0742552352187264,0.0041045965438009,2
월곡2동,-0.0666872442215004,0.0602869579839193,-0.0663959443278283,-0.0517468950416946,0.0259672003771885,0.0566421182251695,0
위례동,0.7197389206515102,-0.1162892767255592,0.1532840901674491,-0.2052963258254049,-0.1094151845735823,-0.1449330717864933,2
은천동,0.2922532559559301,0.1735901555957998,-0.0854769451142281,0.0544547140298277,-0.0643823867231172,-0.0505640881979543,2
을지로동,-0.6517670281672862,0.1637562537994559,0.2204842316673487,-0.1092118396150787,-0.0541133873758386,0.1073797953735477,1
응봉동,-0.0066796769378701,-0.3103240571792525,-0.0478917874609235,-0.1188869412691666,0.0460383355832728,0.0283277528740567,3
응암1동,0.3409230607011972,0.1462964011049741,-0.0363824727871044,-0.0439967932984518,0.0109358555995604,-0.0631935069696127,2
응암2동,0.2839669530759559,-0.1214708034176181,-0.0650835355356857,-0.079995429597299,-0.0338681633389058,0.0069661879048945,2
응암3동,0.0012625713377495,0.0743143753237013,-0.132101908708327,0.1765555590846897,-0.0129244506196238,-0.0575314110579389,0
이문1동,-0.2019387248055729,0.2109895273494597,-0.0853762697877997,-0.1260599713499705,-0.0767272726310367,0.0152049357171771,1
이문2동,-0.0241163481455349,-0.1571586415239467,-0.1675388410717024,-0.0454726594682193,0.044836345842995,-0.0984772102295062,0
이촌1동,0.3124246245485227,-0.2702907720425673,0.045122165468713,0.0499251577543905,-0.0479938000390281,0.0956357722612216,3
이촌2동,-0.2898144899202087,-0.2124301587950307,-0.1913763839973349,-0.0923554323727873,0.2310862965520245,0.0941548472387044,0
이태원1동,-0.5353593930923574,-0.0210167278644139,0.0793039009531925,-0.0703904180174627,-0.012421509371657,0.1896658729354213,1
이태원2동,-0.3934801568595316,-0.0205949671039778,-0.0583141729315392,0.0351156213373166,-0.0513942453909848,0.0586410635506191,0
이화동,-0.4506104921116093,0.2208312486184729,-0.02040570138367,-0.1382957378318895,0.1655290685576572,0.0841284277995489,1
인수동,0.1780801244139699,0.0317507176273723,-0.1984054429307269,0.104014037740966,0.0694703347583865,-0.1226749988539148,2
인헌동,0.0193015065223794,0.2993442890132327,-0.1861588887851062,-0.0812802575265349,-0.1164046819188313,0.0587509316476245,1
일원1동,-0.4136573165754574,-0.2410376564042535,0.054744651824445,0.2557319629907156,-0.1679333477572175,-0.1574724654211016,0
일원본동,-0.0021477646993122,-0.5291000712923969,0.3479703537540176,0.0245867009529183,-0.1694266022697404,0.1088879238575093,3
자양1동,-0.0664163368488699,0.1462776980310592,-0.0807410952896113,-0.016548529614546,-0.0241207945115508,-0.1011890560542332,0
자양2동,0.0818696579665052,-0.0531714611153086,-0.0239608347207277,0.1230850563290736,-0.1338879769941721,-0.0601630408911327,0
자양3동,0.2383146051688851,-0.1107741031141931,-0.0434819185443624,-0.0328919265180069,-0.0416273798353204,-0.0970135460538624,2
자양4동,-0.1726934379920166,0.1381142308558472,-0.174250800159344,0.013231961146625,0.0639264091042756,-0.0156226331052123,0
잠실2동,0.5912978141683111,-0.2792133451306281,0.1257181610342851,-0.2946752423618092,-0.0339040826052111,-0.1330761622760548,3
잠실3동,0.5325017509645833,-0.1117744981127521,0.1481020222841716,-0.0660182255796666,0.1257907293098051,-0.1556492705805223,2
잠실4동,0.1776525585530076,-0.4140210290426848,0.0370569956392176,-0.2623062780177737,0.0140996576637585,-0.062523305342878,3
잠실6동,0.1086050423648094,-0.1932997746941871,0.2834628522177492,-0.0917639882477542,0.296960350653723,-0.0238564360196388,3
잠실7동,-0.163286767367396,-0.537134990785694,0.0611028515802611,0.0134034710813027,0.0280817794148636,-0.0323166991363171,3
잠실본동,0.0651172669189626,0.3569566144944521,0.0018613302611003,-0.1817255581236768,-0.0988575160345806,0.1604127569188738,1
잠원동,0.3388001695499724,-0.0742781473069761,0.0963073950643202,-0.1338955284980331,0.0166710697025338,0.1371541616267166,2
장안1동,0.4696777830111333,0.2948049017030144,-0.012871503355286,0.1137902931742162,-0.0062152967919472,0.0824849419612475,2
장안2동,0.3352947740607505,0.0686954926814674,-0.0138892162463829,-0.0432329600591525,0.007422411027916,-0.0852429580817464,2
장위1동,0.0755224405147109,-0.0684281388623135,-0.1324202223323753,-0.0397893295197315,0.0102539828097989,-0.1116356844062065,0
장위2동,-0.2449958631110223,-0.143012975744626,-0.0759969548284692,0.1919243973458866,-0.0369140619709814,-0.1460564977901623,0
장위3동,-0.0813034362882087,-0.2155412098476348,-0.0348771530946778,-0.1494279526463385,-0.024595854839036,-0.0836779520811711,3
장지동,0.3398375734959797,-0.031290401195311,0.0464375061625952,0.1392157945188359,-0.0880499228319229,0.1502405633244956,2
장충동,-0.5880894964911836,0.0061520704207512,0.0460641000276613,0.0493160764960121,-0.2617564681718355,-0.0987292059197047,1
전농1동,0.1267919721070358,0.2216760219785326,-0.0301964368934218,-0.0202750001290644,0.1247580930826616,-0.2188999972399539,2
전농2동,-0.016892738294775,-0.2577835115277778,0.0176593789650862,0.1265016509933116,-0.0245152455228698,-0.1948358518286439,3
정릉1동,0.0221242127676671,-0.1824889685560478,-0.0630500290503437,-0.104652712007923,0.094153894555467,-0.0400412941989866,0
정릉2동,0.069784523922252,-0.0757739044739969,-0.1494076773503668,-0.063027745705278,0.1151794832642834,-0.0786631042984396,0
정릉3동,-0.2407942234488679,0.0722730285887604,-0.1615641231372318,-0.0203610004758763,0.0256301107883643,-0.0293716639807543,0
정릉4동,0.1197287106988141,-0.0647427328608333,-0.1196709405902409,-0.035908358047285,0.1083303274414076,-0.124852870805168,0
제기동,-0.0239679067395325,0.2669688711298178,-0.1441281478457187,0.1729871815897948,0.0982807367627605,-0.1797167614601437,0
조원동,-0.1496633556433504,0.4201789931411209,-0.0336836805868691,-0.1185010913217806,0.0761217499154586,-0.0865216759628378,1
종로1.2.3.4가동,-0.5491332409120602,0.7543359748224754,1.1154684139623336,0.6287049744435005,0.7277115552329786,-0.2911133100005086,1
종로5.6가동,-0.5781599908611164,0.1689439507646089,0.1071798484805144,0.1364201120808537,-0.0839876002861444,-0.0613967412886112,1
종암동,0.4612761846675908,0.1427645203534597,-0.0246400680447919,0.0504676475048313,-0.0331027897160937,-0.1359098078575656,2
중계1동,0.4674229141056498,-0.4072844093725899,0.1986641622733509,-0.2752093393783857,-0.0290858112169103,-0.0149316854564411,3
중계2.3동,0.3407189519653082,-0.0227616200482915,-0.0834891827352903,0.1698116401995005,-0.0507199368169517,-0.0682151322573469,2
중계4동,0.0761754063155006,-0.2117341164479442,0.0036504275441727,0.052537865395545,0.0307106370533482,0.0596016957324969,3
중계본동,0.3087987212110479,-0.3873870280787962,0.179618061396589,-0.2242404409463336,-0.0540031491880744,-0.0740409421280908,3
중곡1동,-0.2351862470829836,0.1406197689139587,-0.2200025209053085,-0.1652065598016418,0.0470559916301169,0.0375314337459333,0
중곡2동,-0.0449859017254094,0.0777763534180721,-0.1534122908657118,-0.0763517288078846,-0.0127395071980001,0.019566969931212,0
중곡3동,-0.2494504004698373,-0.0296410160522224,-0.0631165146344799,0.091243676575405,-0.1589371262033594,-0.15178325919513,0
중곡4동,0.1246953283886915,0.0447282786353386,-0.2476953095909089,-0.068794783489749,0.0644402838259557,-0.109935246287428,0
중림동,-0.2289073721227337,-0.0944107241481637,-0.0380996680747022,0.0001321471370414,0.0295999319892803,0.08297966277,0
중앙동,-0.3302047671239519,0.3556495542507187,-0.1271714527543363,-0.1132216915757416,-0.1367101939531133,-0.0062295606348022,1
중화1동,-0.0906004608652511,-0.1293282189058338,-0.0798424641978532,0.1377590245471863,-0.0922682546196992,-0.1619077301401554,0
중화2동,0.0049922555260991,0.1738735236484254,-0.220333577156016,0.0837988899501442,0.0663239971825959,0.0527871292922723,0
증산동,-0.01209452968865,-0.1156872755958086,-0.1196467802376039,-0.0534056002404442,0.1006493755155224,-0.0351352397612653,0
진관동,0.7767050245022327,0.0603394118247612,0.2921168239842017,0.2589470388528357,-0.0756275337525691,0.045717313726289,2
창1동,0.1753079754109109,-0.0180402604180744,-0.0415681668355309,0.0596331074116488,0.068200651052995,0.0996219698675055,2
창2동,0.246220812117904,-0.000459497171697,-0.172892104864838,-0.0095348150604677,0.0735943847774196,0.0181896766576238,2
창3동,-0.1819654166396013,-0.2072216434485413,-0.0844186257075969,0.156423576327324,0.0067275171096279,-0.0334104975235364,0
창4동,0.2320084264062065,-0.1265537033896786,-0.0017598977867191,0.0542875163816979,-0.0195009354562335,-0.0093702623325968,2
창5동,0.1093721284738275,-0.1021858751178798,-0.0428014327466443,0.0859757371659538,-0.0366865185068977,-0.1158404418380852,0
창신1동,-0.5600448932775435,-0.1312779344874282,-0.0743702431724258,0.2902399328005005,-0.0243623027648138,-0.1213988515820262,0
창신2동,-0.3686629931942425,-0.0833313512707396,-0.2445151783512684,-0.0002696078835616,0.2367236027517507,0.1091917553168913,0
창신3동,-0.3167203529006639,-0.3343389899892524,-0.0373318711229542,0.0855153276848396,-0.0289053008318212,0.0261256988384815,0
천연동,-0.0785421031938282,-0.086723361199979,-0.046154342283383,-0.0261475817740526,0.1389865406173334,-0.0407634570659702,0
천호1동,-0.2182398839134326,-0.1209886246133019,-0.0370112999300499,0.0716038646907858,-0.0327413127450312,0.1200001690765129,0
천호2동,-0.138870141730643,0.0940954590758656,0.0025170348740104,0.0551009939568017,-0.020420095287789,0.1388211665714652,0
천호3동,-0.2923580465913004,0.0670280643562527,-0.1555501664030208,-0.0145932185000851,-0.0144596630976994,0.0149709624628202,0
청구동,-0.2321843105155836,-0.1771840764670109,-0.1165374709025704,0.0934913682786556,-0.0475580473830638,-0.0816094016785789,0
청담동,-0.1309361952233952,-0.1205637631562752,0.2629532701356239,0.0643933591949458,-0.0794020800811281,-0.0649448822930603,3
청량리동,-0.1237941620286704,0.0245829132402356,-0.216134526782618,0.1897517329475595,0.1731813413959725,-0.0714893612819151,0
청룡동,0.1913521211572424,0.6238368942199337,-0.1211717531341444,-0.0822418502215574,-0.2709602618498742,0.042786624660886,2
청림동,-0.1344530269389636,-0.2432250487729111,-0.085649917742887,-0.0758253783966864,-0.004341499140913,-0.0572558037476323,0
청운효자동,-0.2217698443269569,-0.2045014565652924,0.2576842960489897,0.021002955398349,-0.0111693279464339,-0.0616599760477697,3
청파동,-0.1922231118493484,0.2455932729173808,0.0347872554645709,-0.0194794830872296,-0.0865035060872787,-0.0160926011062757,1
충현동,-0.0906263680686333,0.145549367296929,0.0208023792012714,-0.0508760898880956,0.0782953440336015,-0.1223101038784505,0
평창동,0.0313952109677644,-0.1587853256715243,-0.0382057134820733,-0.0584614718831076,0.1626495064607387,0.0984105700427569,0
풍납1동,-0.2247307802709318,-0.1772154786012655,-0.1605781173367397,0.065306404983938,0.1038237066865792,0.0150168465165448,0
풍납2동,0.0823828311473974,-0.0372872517062155,-0.0303654659298962,-0.0550055967244829,-0.0802644216360694,-0.0324783371828142,0
필동,-0.6603546174704039,-0.0484107972269628,0.3920700189671613,0.4196041358812259,-0.4058732974641533,-0.2586072099288946,1
하계1동,0.261104842696415,-0.0082482850549647,0.0362505161914707,0.0911356113364329,-0.0838995463032917,0.0985309503992511,2
하계2동,0.1645866209104986,-0.3060625253373719,-0.0045962461931105,-0.0993064111959229,-0.0037152501018166,-0.0359863118385224,3
한강로동,-0.0420146683732646,0.4147823357956803,0.2776342936696235,-0.0771814113546378,0.1701533994331325,-0.0236936387992211,1
한남동,-0.1044159613325556,0.1926348661810271,0.0125023501667231,-0.0828212949451623,0.1567264791605757,-0.1501143253314134,1
합정동,-0.2155359458461144,0.204466004438074,0.0446903399624574,-0.1401267028248013,-0.0392139786559188,0.0762685644965648,1
항동,-0.2277555845337044,-0.3624683407745034,0.112429132662343,-0.1675506221423485,-0.0748788310970629,0.056460408476911,3
행당1동,-0.1984150560960613,-0.0370683214425536,0.0511982720105469,-0.136770613933148,0.0668527140813215,-0.0632365463915618,0
행당2동,0.1507767176548871,-0.1815419137864507,-0.087167517128078,-0.0742939825353466,0.0152081612883408,0.0238163086052587,3
행운동,0.0528921861778781,0.4398586430825437,-0.1090552579612354,0.0162630733435887,-0.2296400712189599,-0.012945907326593,1
혜화동,-0.2196284731203067,0.2227789311007786,0.1970465760484825,-0.0577205841213271,-0.0748084054450582,-0.0470433309185105,1
홍은1동,0.084274105149898,-0.0929531267002581,-0.1326160702183919,0.0220428951434486,0.0680116503388076,0.0077786305114968,0
홍은2동,0.2419834836498989,0.0940712769024992,-0.0576637277670036,-0.0087082688280415,0.0752666324194684,-0.0320894225115072,2
홍제1동,0.173366999353117,-0.02190679938709,-0.039986300160616,0.0940664959767862,0.0110939570198021,0.0216966825641603,2
홍제2동,-0.1703866793934121,-0.2121098748528805,-0.1134438798304479,-0.0352290615315479,0.116507745343745,-0.0609258413467647,0
홍제3동,-0.044946996309509,-0.102270421893875,-0.0781391927417557,0.1049107494110121,0.0526483242234019,-0.0210087415440957,0
화곡1동,0.4583163595330098,0.5256533643298418,-0.0738399158221884,0.1698249928508286,-0.0823005119338878,0.1330864016533678,2
화곡2동,-0.077616218056097,-0.105319219381277,-0.0918170565203266,-0.0465304004900084,-0.0331728277707489,0.0182722787401646,0
화곡3동,0.0600236863521576,-0.0269800076649093,-0.1544055353027269,-0.0435868929119525,0.0865604549029158,0.0864927463376803,0
화곡4동,-0.020856361708562,-0.050831492216178,-0.0839381990010172,0.1142732175031477,-0.0362323661199902,0.0087929673204554,0
화곡6동,0.045225905068687,0.2063400439399633,-0.0379201979327695,0.0597360582049839,0.0077932671525374,-0.0061223365599683,2
화곡8동,0.0855699212538466,0.1035021284752474,-0.1521658966715253,-0.0202498169387613,0.0698943337407849,0.0987374559099197,0
화곡본동,0.3478900326758725,0.2506809674844085,-0.0596035640743949,0.1289891871456641,-0.1928472494756044,0.2399452141777616,2
화양동,-0.2518321572687781,0.6755366429330486,0.0196918799050009,-0.3151943413902907,-0.3017972432423829,-0.0672634569907654,1
황학동,-0.3184897474899101,0.1609257620868157,-0.2096365650443303,-0.1934697265695066,0.0169641063636808,0.0652200188608605,1
회기동,-0.4506702208410759,0.1459133004589162,0.1645113023447522,-0.0152678198079929,-0.3826326851471102,-0.1125945552569968,1
회현동,-0.5148087869615455,0.1513956019854297,0.2898895937422683,0.1944398597424557,0.4392400564424943,-0.1542723670119718,1
효창동,-0.2209633834065948,-0.1473933224462288,-0.0760084158461421,-0.1792211327843053,0.0138150336687126,0.0645131512007841,0
후암동,-0.173475200760324,-0.0121631136925863,-0.0791096722278536,-0.0339113797386348,-0.0376224535354096,-0.009051091874436,0
휘경1동,-0.2663646264284628,0.1785596024413996,-0.0873405720952958,-0.1824679728807856,-0.011273341255824,-0.0156959323001259,1
휘경2동,0.0443695616969529,0.123467984918207,-0.0789686286496297,-0.0303059218286151,-0.1392924324727158,-0.0339053028331822,0
흑석동,0.2747644221471062,0.0474561575817726,0.0453778418483924,0.0999127237867028,-0.0817561397279733,-0.0933101712848481,2
